Workbook
Name Names: 'All data'!$B$2:$B$479
Name Cond: 'All data'!$P$2:$P$479
Name CorrectN: 'All data'!$Q$2:$Q$479
Name RtN: 'All data'!$R$2:$R$479
Name AbsN: 'All data'!$S$2:$S$479
Name Scored: 'All data'!$T$2:$T$479

Sheet All data
A1: participant | B1: name | C1: condition | D1: date | E1: trial | F1: numbers | G1: sum | H1: answer | I1: correct | J1: diff | K1: rt_ms | L1: count | M1: show_s | N1: min | O1: max | P1: condition used | Q1: correct (1/0) | R1: rt used (ms) | S1: absolute error used | T1: in test
A2: 1 | B2: Cas | C2: lyrics | D2: 2026-10-11T17:50:02.721Z | E2: 1 | F2: 1 2 3 4 9 4 7 1 | G2: 31 | H2: 29 | I2: false | J2: 2 | K2: 2507 | L2: 8 | M2: 1.8 | N2: 1 | O2: 9 | P2: =LOWER(TRIM(C2)) | Q2: =IF(I2="true",1,0) | R2: =IF(K2="","",K2) | S2: =IF(OR(H2="",H2<8,H2>72),"",J2) | T2: =IF(OR(P2="lyrics",P2="instrumental"),1,IF(AND(P2="none",COUNTIFS($B$2:$B$479,B2,$P$2:$P$479,"none")>=3),1,0))
A3: 1 | B3: Cas | C3: lyrics | D3: 2026-10-11T17:50:02.721Z | E3: 2 | F3: 2 8 4 1 5 9 7 8 | G3: 44 | H3: 44 | I3: true | J3: 0 | K3: 2542 | L3: 8 | M3: 1.8 | N3: 1 | O3: 9 | P3: =LOWER(TRIM(C3)) | Q3: =IF(I3="true",1,0) | R3: =IF(K3="","",K3) | S3: =IF(OR(H3="",H3<8,H3>72),"",J3) | T3: =IF(OR(P3="lyrics",P3="instrumental"),1,IF(AND(P3="none",COUNTIFS($B$2:$B$479,B3,$P$2:$P$479,"none")>=3),1,0))
A4: 1 | B4: Cas | C4: lyrics | D4: 2026-10-11T17:50:02.721Z | E4: 3 | F4: 7 2 5 2 2 7 7 2 | G4: 34 | H4: 34 | I4: true | J4: 0 | K4: 1967 | L4: 8 | M4: 1.8 | N4: 1 | O4: 9 | P4: =LOWER(TRIM(C4)) | Q4: =IF(I4="true",1,0) | R4: =IF(K4="","",K4) | S4: =IF(OR(H4="",H4<8,H4>72),"",J4) | T4: =IF(OR(P4="lyrics",P4="instrumental"),1,IF(AND(P4="none",COUNTIFS($B$2:$B$479,B4,$P$2:$P$479,"none")>=3),1,0))
A5: 2 | B5: Cas | C5: none | D5: 2026-10-11T17:53:20.646Z | E5: 1 | F5: 9 4 3 2 9 1 8 4 | G5: 40 | H5: 40 | I5: true | J5: 0 | K5: 1694 | L5: 8 | M5: 1.8 | N5: 1 | O5: 9 | P5: =LOWER(TRIM(C5)) | Q5: =IF(I5="true",1,0) | R5: =IF(K5="","",K5) | S5: =IF(OR(H5="",H5<8,H5>72),"",J5) | T5: =IF(OR(P5="lyrics",P5="instrumental"),1,IF(AND(P5="none",COUNTIFS($B$2:$B$479,B5,$P$2:$P$479,"none")>=3),1,0))
A6: 2 | B6: Cas | C6: none | D6: 2026-10-11T17:53:20.646Z | E6: 2 | F6: 8 8 5 9 6 7 3 3 | G6: 49 | H6: 49 | I6: true | J6: 0 | K6: 1648 | L6: 8 | M6: 1.8 | N6: 1 | O6: 9 | P6: =LOWER(TRIM(C6)) | Q6: =IF(I6="true",1,0) | R6: =IF(K6="","",K6) | S6: =IF(OR(H6="",H6<8,H6>72),"",J6) | T6: =IF(OR(P6="lyrics",P6="instrumental"),1,IF(AND(P6="none",COUNTIFS($B$2:$B$479,B6,$P$2:$P$479,"none")>=3),1,0))
A7: 2 | B7: Cas | C7: none | D7: 2026-10-11T17:53:20.646Z | E7: 3 | F7: 6 8 9 4 5 3 6 9 | G7: 50 | H7: 50 | I7: true | J7: 0 | K7: 1535 | L7: 8 | M7: 1.8 | N7: 1 | O7: 9 | P7: =LOWER(TRIM(C7)) | Q7: =IF(I7="true",1,0) | R7: =IF(K7="","",K7) | S7: =IF(OR(H7="",H7<8,H7>72),"",J7) | T7: =IF(OR(P7="lyrics",P7="instrumental"),1,IF(AND(P7="none",COUNTIFS($B$2:$B$479,B7,$P$2:$P$479,"none")>=3),1,0))
A8: 3 | B8: Cas | C8: instrumental | D8: 2026-10-11T17:54:49.473Z | E8: 1 | F8: 9 9 4 6 4 1 5 6 | G8: 44 | H8: 43 | I8: false | J8: 1 | K8: 1820 | L8: 8 | M8: 1.8 | N8: 1 | O8: 9 | P8: =LOWER(TRIM(C8)) | Q8: =IF(I8="true",1,0) | R8: =IF(K8="","",K8) | S8: =IF(OR(H8="",H8<8,H8>72),"",J8) | T8: =IF(OR(P8="lyrics",P8="instrumental"),1,IF(AND(P8="none",COUNTIFS($B$2:$B$479,B8,$P$2:$P$479,"none")>=3),1,0))
A9: 3 | B9: Cas | C9: instrumental | D9: 2026-10-11T17:54:49.473Z | E9: 2 | F9: 7 3 7 2 3 1 4 3 | G9: 30 | H9: 30 | I9: true | J9: 0 | K9: 2036 | L9: 8 | M9: 1.8 | N9: 1 | O9: 9 | P9: =LOWER(TRIM(C9)) | Q9: =IF(I9="true",1,0) | R9: =IF(K9="","",K9) | S9: =IF(OR(H9="",H9<8,H9>72),"",J9) | T9: =IF(OR(P9="lyrics",P9="instrumental"),1,IF(AND(P9="none",COUNTIFS($B$2:$B$479,B9,$P$2:$P$479,"none")>=3),1,0))
A10: 3 | B10: Cas | C10: instrumental | D10: 2026-10-11T17:54:49.473Z | E10: 3 | F10: 1 7 6 3 7 4 3 7 | G10: 38 | H10: 38 | I10: true | J10: 0 | K10: 1616 | L10: 8 | M10: 1.8 | N10: 1 | O10: 9 | P10: =LOWER(TRIM(C10)) | Q10: =IF(I10="true",1,0) | R10: =IF(K10="","",K10) | S10: =IF(OR(H10="",H10<8,H10>72),"",J10) | T10: =IF(OR(P10="lyrics",P10="instrumental"),1,IF(AND(P10="none",COUNTIFS($B$2:$B$479,B10,$P$2:$P$479,"none")>=3),1,0))
A11: 4 | B11: Floor | C11: instrumental | D11: 2026-10-11T17:56:07.560Z | E11: 1 | F11: 2 9 9 6 3 9 8 3 | G11: 49 | H11: 49 | I11: true | J11: 0 | K11: 3528 | L11: 8 | M11: 1.8 | N11: 1 | O11: 9 | P11: =LOWER(TRIM(C11)) | Q11: =IF(I11="true",1,0) | R11: =IF(K11="","",K11) | S11: =IF(OR(H11="",H11<8,H11>72),"",J11) | T11: =IF(OR(P11="lyrics",P11="instrumental"),1,IF(AND(P11="none",COUNTIFS($B$2:$B$479,B11,$P$2:$P$479,"none")>=3),1,0))
A12: 4 | B12: Floor | C12: instrumental | D12: 2026-10-11T17:56:07.560Z | E12: 2 | F12: 2 4 1 3 6 7 2 5 | G12: 30 | H12: 30 | I12: true | J12: 0 | K12: 3439 | L12: 8 | M12: 1.8 | N12: 1 | O12: 9 | P12: =LOWER(TRIM(C12)) | Q12: =IF(I12="true",1,0) | R12: =IF(K12="","",K12) | S12: =IF(OR(H12="",H12<8,H12>72),"",J12) | T12: =IF(OR(P12="lyrics",P12="instrumental"),1,IF(AND(P12="none",COUNTIFS($B$2:$B$479,B12,$P$2:$P$479,"none")>=3),1,0))
A13: 4 | B13: Floor | C13: instrumental | D13: 2026-10-11T17:56:07.560Z | E13: 3 | F13: 8 4 1 1 3 3 6 7 | G13: 33 | H13: 33 | I13: true | J13: 0 | K13: 3371 | L13: 8 | M13: 1.8 | N13: 1 | O13: 9 | P13: =LOWER(TRIM(C13)) | Q13: =IF(I13="true",1,0) | R13: =IF(K13="","",K13) | S13: =IF(OR(H13="",H13<8,H13>72),"",J13) | T13: =IF(OR(P13="lyrics",P13="instrumental"),1,IF(AND(P13="none",COUNTIFS($B$2:$B$479,B13,$P$2:$P$479,"none")>=3),1,0))
... A93: 31 | B93: Participant 1 | C93: instrumental | D93: 2026-10-10T11:06:39.239Z | E93: 3 | F93: 4 4 4 6 2 5 2 8 | G93: 35 | H93: 35 | I93: true | J93: 0 | K93: 3286 | L93: 8 | M93: 1.8 | N93: 1 | O93: 9 | P93: =LOWER(TRIM(C93)) | Q93: =IF(I93="true",1,0) | R93: =IF(K93="","",K93) | S93: =IF(OR(H93="",H93<8,H93>72),"",J93) | T93: =IF(OR(P93="lyrics",P93="instrumental"),1,IF(AND(P93="none",COUNTIFS($B$2:$B$479,B93,$P$2:$P$479,"none")>=3),1,0))
A94: 32 | B94: Participant 2 | C94: none | D94: 2026-10-10T19:29:54.418Z | E94: 1 | F94: 7 6 1 3 8 4 4 8 | G94: 41 | H94: 38 | I94: false | J94: 3 | L94: 8 | M94: 1.8 | N94: 1 | O94: 9 | P94: =LOWER(TRIM(C94)) | Q94: =IF(I94="true",1,0) | R94: =IF(K94="","",K94) | S94: =IF(OR(H94="",H94<8,H94>72),"",J94) | T94: =IF(OR(P94="lyrics",P94="instrumental"),1,IF(AND(P94="none",COUNTIFS($B$2:$B$479,B94,$P$2:$P$479,"none")>=3),1,0))
A95: 32 | B95: Participant 2 | C95: none | D95: 2026-10-10T19:29:54.418Z | E95: 2 | F95: 8 4 4 7 6 7 5 2 | G95: 43 | H95: 44 | I95: false | J95: 1 | K95: 6825 | L95: 8 | M95: 1.8 | N95: 1 | O95: 9 | P95: =LOWER(TRIM(C95)) | Q95: =IF(I95="true",1,0) | R95: =IF(K95="","",K95) | S95: =IF(OR(H95="",H95<8,H95>72),"",J95) | T95: =IF(OR(P95="lyrics",P95="instrumental"),1,IF(AND(P95="none",COUNTIFS($B$2:$B$479,B95,$P$2:$P$479,"none")>=3),1,0))
A96: 33 | B96: Participant 2 | C96: instrumental | D96: 2026-10-10T19:32:34.950Z | E96: 1 | F96: 7 1 6 3 7 6 5 4 | G96: 39 | H96: 49 | I96: false | J96: 10 | K96: 7814 | L96: 8 | M96: 1.8 | N96: 1 | O96: 9 | P96: =LOWER(TRIM(C96)) | Q96: =IF(I96="true",1,0) | R96: =IF(K96="","",K96) | S96: =IF(OR(H96="",H96<8,H96>72),"",J96) | T96: =IF(OR(P96="lyrics",P96="instrumental"),1,IF(AND(P96="none",COUNTIFS($B$2:$B$479,B96,$P$2:$P$479,"none")>=3),1,0))
A97: 33 | B97: Participant 2 | C97: instrumental | D97: 2026-10-10T19:32:34.950Z | E97: 2 | F97: 8 1 4 8 5 8 1 1 | G97: 36 | H97: 38 | I97: false | J97: 2 | K97: 2867 | L97: 8 | M97: 1.8 | N97: 1 | O97: 9 | P97: =LOWER(TRIM(C97)) | Q97: =IF(I97="true",1,0) | R97: =IF(K97="","",K97) | S97: =IF(OR(H97="",H97<8,H97>72),"",J97) | T97: =IF(OR(P97="lyrics",P97="instrumental"),1,IF(AND(P97="none",COUNTIFS($B$2:$B$479,B97,$P$2:$P$479,"none")>=3),1,0))
A98: 33 | B98: Participant 2 | C98: instrumental | D98: 2026-10-10T19:32:34.950Z | E98: 3 | F98: 7 8 3 1 4 9 8 6 | G98: 46 | H98: 46 | I98: true | J98: 0 | K98: 2119 | L98: 8 | M98: 1.8 | N98: 1 | O98: 9 | P98: =LOWER(TRIM(C98)) | Q98: =IF(I98="true",1,0) | R98: =IF(K98="","",K98) | S98: =IF(OR(H98="",H98<8,H98>72),"",J98) | T98: =IF(OR(P98="lyrics",P98="instrumental"),1,IF(AND(P98="none",COUNTIFS($B$2:$B$479,B98,$P$2:$P$479,"none")>=3),1,0))
A99: 34 | B99: Participant 2 | C99: lyrics | D99: 2026-10-10T19:34:13.947Z | E99: 1 | F99: 2 8 9 3 5 3 9 5 | G99: 44 | H99: 44 | I99: true | J99: 0 | K99: 2097 | L99: 8 | M99: 1.8 | N99: 1 | O99: 9 | P99: =LOWER(TRIM(C99)) | Q99: =IF(I99="true",1,0) | R99: =IF(K99="","",K99) | S99: =IF(OR(H99="",H99<8,H99>72),"",J99) | T99: =IF(OR(P99="lyrics",P99="instrumental"),1,IF(AND(P99="none",COUNTIFS($B$2:$B$479,B99,$P$2:$P$479,"none")>=3),1,0))
A100: 34 | B100: Participant 2 | C100: lyrics | D100: 2026-10-10T19:34:13.947Z | E100: 2 | F100: 3 6 5 3 8 9 6 8 | G100: 48 | H100: 48 | I100: true | J100: 0 | K100: 2201 | L100: 8 | M100: 1.8 | N100: 1 | O100: 9 | P100: =LOWER(TRIM(C100)) | Q100: =IF(I100="true",1,0) | R100: =IF(K100="","",K100) | S100: =IF(OR(H100="",H100<8,H100>72),"",J100) | T100: =IF(OR(P100="lyrics",P100="instrumental"),1,IF(AND(P100="none",COUNTIFS($B$2:$B$479,B100,$P$2:$P$479,"none")>=3),1,0))
A101: 34 | B101: Participant 2 | C101: lyrics | D101: 2026-10-10T19:34:13.947Z | E101: 3 | F101: 8 3 8 3 5 1 4 8 | G101: 40 | H101: 40 | I101: true | J101: 0 | K101: 1887 | L101: 8 | M101: 1.8 | N101: 1 | O101: 9 | P101: =LOWER(TRIM(C101)) | Q101: =IF(I101="true",1,0) | R101: =IF(K101="","",K101) | S101: =IF(OR(H101="",H101<8,H101>72),"",J101) | T101: =IF(OR(P101="lyrics",P101="instrumental"),1,IF(AND(P101="none",COUNTIFS($B$2:$B$479,B101,$P$2:$P$479,"none")>=3),1,0))
A102: 35 | B102: Participant 2 | C102: instrumental | D102: 2026-10-10T19:36:02.411Z | E102: 1 | F102: 7 8 4 6 9 4 1 6 | G102: 45 | H102: 45 | I102: true | J102: 0 | K102: 4384 | L102: 8 | M102: 1.8 | N102: 1 | O102: 9 | P102: =LOWER(TRIM(C102)) | Q102: =IF(I102="true",1,0) | R102: =IF(K102="","",K102) | S102: =IF(OR(H102="",H102<8,H102>72),"",J102) | T102: =IF(OR(P102="lyrics",P102="instrumental"),1,IF(AND(P102="none",COUNTIFS($B$2:$B$479,B102,$P$2:$P$479,"none")>=3),1,0))
A103: 35 | B103: Participant 2 | C103: instrumental | D103: 2026-10-10T19:36:02.411Z | E103: 2 | F103: 9 6 4 4 1 6 5 6 | G103: 41 | H103: 41 | I103: true | J103: 0 | K103: 1797 | L103: 8 | M103: 1.8 | N103: 1 | O103: 9 | P103: =LOWER(TRIM(C103)) | Q103: =IF(I103="true",1,0) | R103: =IF(K103="","",K103) | S103: =IF(OR(H103="",H103<8,H103>72),"",J103) | T103: =IF(OR(P103="lyrics",P103="instrumental"),1,IF(AND(P103="none",COUNTIFS($B$2:$B$479,B103,$P$2:$P$479,"none")>=3),1,0))
A104: 35 | B104: Participant 2 | C104: instrumental | D104: 2026-10-10T19:36:02.411Z | E104: 3 | F104: 9 9 7 4 5 3 8 7 | G104: 52 | H104: 43 | I104: false | J104: 9 | K104: 3471 | L104: 8 | M104: 1.8 | N104: 1 | O104: 9 | P104: =LOWER(TRIM(C104)) | Q104: =IF(I104="true",1,0) | R104: =IF(K104="","",K104) | S104: =IF(OR(H104="",H104<8,H104>72),"",J104) | T104: =IF(OR(P104="lyrics",P104="instrumental"),1,IF(AND(P104="none",COUNTIFS($B$2:$B$479,B104,$P$2:$P$479,"none")>=3),1,0))
A105: 36 | B105: Participant 2 | C105: lyrics | D105: 2026-10-10T19:38:14.208Z | E105: 1 | F105: 1 8 3 7 8 5 7 4 | G105: 43 | H105: 43 | I105: true | J105: 0 | K105: 5919 | L105: 8 | M105: 1.8 | N105: 1 | O105: 9 | P105: =LOWER(TRIM(C105)) | Q105: =IF(I105="true",1,0) | R105: =IF(K105="","",K105) | S105: =IF(OR(H105="",H105<8,H105>72),"",J105) | T105: =IF(OR(P105="lyrics",P105="instrumental"),1,IF(AND(P105="none",COUNTIFS($B$2:$B$479,B105,$P$2:$P$479,"none")>=3),1,0))
A106: 36 | B106: Participant 2 | C106: lyrics | D106: 2026-10-10T19:38:14.208Z | E106: 2 | F106: 1 9 9 7 5 7 3 8 | G106: 49 | H106: 49 | I106: true | J106: 0 | K106: 2150 | L106: 8 | M106: 1.8 | N106: 1 | O106: 9 | P106: =LOWER(TRIM(C106)) | Q106: =IF(I106="true",1,0) | R106: =IF(K106="","",K106) | S106: =IF(OR(H106="",H106<8,H106>72),"",J106) | T106: =IF(OR(P106="lyrics",P106="instrumental"),1,IF(AND(P106="none",COUNTIFS($B$2:$B$479,B106,$P$2:$P$479,"none")>=3),1,0))
... A142: 49 | B142: Participant 4 | C142: lyrics | D142: 2026-10-11T17:07:59.681Z | E142: 1 | F142: 6 4 7 2 8 8 9 5 | G142: 49 | H142: 49 | I142: true | J142: 0 | K142: 2681 | L142: 8 | M142: 1.8 | N142: 1 | O142: 9 | P142: =LOWER(TRIM(C142)) | Q142: =IF(I142="true",1,0) | R142: =IF(K142="","",K142) | S142: =IF(OR(H142="",H142<8,H142>72),"",J142) | T142: =IF(OR(P142="lyrics",P142="instrumental"),1,IF(AND(P142="none",COUNTIFS($B$2:$B$479,B142,$P$2:$P$479,"none")>=3),1,0))
A143: 49 | B143: Participant 4 | C143: lyrics | D143: 2026-10-11T17:07:59.681Z | E143: 2 | F143: 4 5 8 8 9 2 9 4 | G143: 49 | I143: false | L143: 8 | M143: 1.8 | N143: 1 | O143: 9 | P143: =LOWER(TRIM(C143)) | Q143: =IF(I143="true",1,0) | R143: =IF(K143="","",K143) | S143: =IF(OR(H143="",H143<8,H143>72),"",J143) | T143: =IF(OR(P143="lyrics",P143="instrumental"),1,IF(AND(P143="none",COUNTIFS($B$2:$B$479,B143,$P$2:$P$479,"none")>=3),1,0))
A144: 49 | B144: Participant 4 | C144: lyrics | D144: 2026-10-11T17:07:59.681Z | E144: 3 | F144: 3 1 9 8 8 6 5 4 | G144: 44 | H144: 46 | I144: false | J144: 2 | K144: 4975 | L144: 8 | M144: 1.8 | N144: 1 | O144: 9 | P144: =LOWER(TRIM(C144)) | Q144: =IF(I144="true",1,0) | R144: =IF(K144="","",K144) | S144: =IF(OR(H144="",H144<8,H144>72),"",J144) | T144: =IF(OR(P144="lyrics",P144="instrumental"),1,IF(AND(P144="none",COUNTIFS($B$2:$B$479,B144,$P$2:$P$479,"none")>=3),1,0))
A145: 50 | B145: Participant 4 | C145: lyrics | D145: 2026-10-11T17:09:33.616Z | E145: 1 | F145: 3 1 2 4 5 9 6 1 | G145: 31 | H145: 31 | I145: true | J145: 0 | K145: 1320 | L145: 8 | M145: 1.8 | N145: 1 | O145: 9 | P145: =LOWER(TRIM(C145)) | Q145: =IF(I145="true",1,0) | R145: =IF(K145="","",K145) | S145: =IF(OR(H145="",H145<8,H145>72),"",J145) | T145: =IF(OR(P145="lyrics",P145="instrumental"),1,IF(AND(P145="none",COUNTIFS($B$2:$B$479,B145,$P$2:$P$479,"none")>=3),1,0))
A146: 50 | B146: Participant 4 | C146: lyrics | D146: 2026-10-11T17:09:33.616Z | E146: 2 | F146: 9 3 4 5 8 1 3 9 | G146: 42 | H146: 42 | I146: true | J146: 0 | K146: 3824 | L146: 8 | M146: 1.8 | N146: 1 | O146: 9 | P146: =LOWER(TRIM(C146)) | Q146: =IF(I146="true",1,0) | R146: =IF(K146="","",K146) | S146: =IF(OR(H146="",H146<8,H146>72),"",J146) | T146: =IF(OR(P146="lyrics",P146="instrumental"),1,IF(AND(P146="none",COUNTIFS($B$2:$B$479,B146,$P$2:$P$479,"none")>=3),1,0))
A147: 50 | B147: Participant 4 | C147: lyrics | D147: 2026-10-11T17:09:33.616Z | E147: 3 | F147: 6 8 7 2 7 6 2 6 | G147: 44 | H147: 45 | I147: false | J147: 1 | K147: 1618 | L147: 8 | M147: 1.8 | N147: 1 | O147: 9 | P147: =LOWER(TRIM(C147)) | Q147: =IF(I147="true",1,0) | R147: =IF(K147="","",K147) | S147: =IF(OR(H147="",H147<8,H147>72),"",J147) | T147: =IF(OR(P147="lyrics",P147="instrumental"),1,IF(AND(P147="none",COUNTIFS($B$2:$B$479,B147,$P$2:$P$479,"none")>=3),1,0))
A148: 51 | B148: Participant 4 | C148: instrumental | D148: 2026-10-11T17:11:12.295Z | E148: 1 | F148: 6 7 6 6 6 4 8 1 | G148: 44 | H148: 44 | I148: true | J148: 0 | K148: 3831 | L148: 8 | M148: 1.8 | N148: 1 | O148: 9 | P148: =LOWER(TRIM(C148)) | Q148: =IF(I148="true",1,0) | R148: =IF(K148="","",K148) | S148: =IF(OR(H148="",H148<8,H148>72),"",J148) | T148: =IF(OR(P148="lyrics",P148="instrumental"),1,IF(AND(P148="none",COUNTIFS($B$2:$B$479,B148,$P$2:$P$479,"none")>=3),1,0))
A149: 51 | B149: Participant 4 | C149: instrumental | D149: 2026-10-11T17:11:12.295Z | E149: 2 | F149: 4 1 8 5 8 8 1 8 | G149: 43 | H149: 48 | I149: false | J149: 5 | K149: 5758 | L149: 8 | M149: 1.8 | N149: 1 | O149: 9 | P149: =LOWER(TRIM(C149)) | Q149: =IF(I149="true",1,0) | R149: =IF(K149="","",K149) | S149: =IF(OR(H149="",H149<8,H149>72),"",J149) | T149: =IF(OR(P149="lyrics",P149="instrumental"),1,IF(AND(P149="none",COUNTIFS($B$2:$B$479,B149,$P$2:$P$479,"none")>=3),1,0))
A150: 51 | B150: Participant 4 | C150: instrumental | D150: 2026-10-11T17:11:12.295Z | E150: 3 | F150: 9 6 3 1 1 3 4 5 | G150: 32 | H150: 32 | I150: true | J150: 0 | K150: 1685 | L150: 8 | M150: 1.8 | N150: 1 | O150: 9 | P150: =LOWER(TRIM(C150)) | Q150: =IF(I150="true",1,0) | R150: =IF(K150="","",K150) | S150: =IF(OR(H150="",H150<8,H150>72),"",J150) | T150: =IF(OR(P150="lyrics",P150="instrumental"),1,IF(AND(P150="none",COUNTIFS($B$2:$B$479,B150,$P$2:$P$479,"none")>=3),1,0))
A151: 52 | B151: Participant 4 | C151: instrumental | D151: 2026-10-11T17:12:39.073Z | E151: 1 | F151: 1 5 5 6 4 4 6 8 | G151: 39 | H151: 39 | I151: true | J151: 0 | K151: 1882 | L151: 8 | M151: 1.8 | N151: 1 | O151: 9 | P151: =LOWER(TRIM(C151)) | Q151: =IF(I151="true",1,0) | R151: =IF(K151="","",K151) | S151: =IF(OR(H151="",H151<8,H151>72),"",J151) | T151: =IF(OR(P151="lyrics",P151="instrumental"),1,IF(AND(P151="none",COUNTIFS($B$2:$B$479,B151,$P$2:$P$479,"none")>=3),1,0))
A152: 52 | B152: Participant 4 | C152: instrumental | D152: 2026-10-11T17:12:39.073Z | E152: 2 | F152: 8 8 8 2 9 7 7 3 | G152: 52 | H152: 48 | I152: false | J152: 4 | K152: 7689 | L152: 8 | M152: 1.8 | N152: 1 | O152: 9 | P152: =LOWER(TRIM(C152)) | Q152: =IF(I152="true",1,0) | R152: =IF(K152="","",K152) | S152: =IF(OR(H152="",H152<8,H152>72),"",J152) | T152: =IF(OR(P152="lyrics",P152="instrumental"),1,IF(AND(P152="none",COUNTIFS($B$2:$B$479,B152,$P$2:$P$479,"none")>=3),1,0))
A153: 52 | B153: Participant 4 | C153: instrumental | D153: 2026-10-11T17:12:39.073Z | E153: 3 | F153: 9 8 1 4 2 3 5 2 | G153: 34 | H153: 34 | I153: true | J153: 0 | K153: 2934 | L153: 8 | M153: 1.8 | N153: 1 | O153: 9 | P153: =LOWER(TRIM(C153)) | Q153: =IF(I153="true",1,0) | R153: =IF(K153="","",K153) | S153: =IF(OR(H153="",H153<8,H153>72),"",J153) | T153: =IF(OR(P153="lyrics",P153="instrumental"),1,IF(AND(P153="none",COUNTIFS($B$2:$B$479,B153,$P$2:$P$479,"none")>=3),1,0))
A154: 53 | B154: Participant 4 | C154: lyrics | D154: 2026-10-11T17:13:48.422Z | E154: 1 | F154: 8 8 1 7 7 1 8 8 | G154: 48 | H154: 48 | I154: true | J154: 0 | K154: 1617 | L154: 8 | M154: 1.8 | N154: 1 | O154: 9 | P154: =LOWER(TRIM(C154)) | Q154: =IF(I154="true",1,0) | R154: =IF(K154="","",K154) | S154: =IF(OR(H154="",H154<8,H154>72),"",J154) | T154: =IF(OR(P154="lyrics",P154="instrumental"),1,IF(AND(P154="none",COUNTIFS($B$2:$B$479,B154,$P$2:$P$479,"none")>=3),1,0))
A155: 53 | B155: Participant 4 | C155: lyrics | D155: 2026-10-11T17:13:48.422Z | E155: 2 | F155: 1 3 2 9 7 8 3 3 | G155: 36 | H155: 36 | I155: true | J155: 0 | K155: 2056 | L155: 8 | M155: 1.8 | N155: 1 | O155: 9 | P155: =LOWER(TRIM(C155)) | Q155: =IF(I155="true",1,0) | R155: =IF(K155="","",K155) | S155: =IF(OR(H155="",H155<8,H155>72),"",J155) | T155: =IF(OR(P155="lyrics",P155="instrumental"),1,IF(AND(P155="none",COUNTIFS($B$2:$B$479,B155,$P$2:$P$479,"none")>=3),1,0))
A156: 53 | B156: Participant 4 | C156: lyrics | D156: 2026-10-11T17:13:48.422Z | E156: 3 | F156: 4 9 8 1 6 3 2 2 | G156: 35 | H156: 32 | I156: false | J156: 3 | K156: 2608 | L156: 8 | M156: 1.8 | N156: 1 | O156: 9 | P156: =LOWER(TRIM(C156)) | Q156: =IF(I156="true",1,0) | R156: =IF(K156="","",K156) | S156: =IF(OR(H156="",H156<8,H156>72),"",J156) | T156: =IF(OR(P156="lyrics",P156="instrumental"),1,IF(AND(P156="none",COUNTIFS($B$2:$B$479,B156,$P$2:$P$479,"none")>=3),1,0))
A157: 54 | B157: Participant 5 | C157: none | D157: 2026-10-11T19:07:42.938Z | E157: 1 | F157: 9 2 7 7 6 7 6 6 | G157: 50 | H157: 240 | I157: false | J157: 190 | L157: 8 | M157: 1.8 | N157: 1 | O157: 9 | P157: =LOWER(TRIM(C157)) | Q157: =IF(I157="true",1,0) | R157: =IF(K157="","",K157) | S157: =IF(OR(H157="",H157<8,H157>72),"",J157) | T157: =IF(OR(P157="lyrics",P157="instrumental"),1,IF(AND(P157="none",COUNTIFS($B$2:$B$479,B157,$P$2:$P$479,"none")>=3),1,0))
A158: 54 | B158: Participant 5 | C158: none | D158: 2026-10-11T19:07:42.938Z | E158: 2 | F158: 1 8 7 6 3 2 4 1 | G158: 32 | H158: 60 | I158: false | J158: 28 | K158: 6929 | L158: 8 | M158: 1.8 | N158: 1 | O158: 9 | P158: =LOWER(TRIM(C158)) | Q158: =IF(I158="true",1,0) | R158: =IF(K158="","",K158) | S158: =IF(OR(H158="",H158<8,H158>72),"",J158) | T158: =IF(OR(P158="lyrics",P158="instrumental"),1,IF(AND(P158="none",COUNTIFS($B$2:$B$479,B158,$P$2:$P$479,"none")>=3),1,0))
A159: 55 | B159: Participant 5 | C159: lyrics | D159: 2026-10-11T19:10:00.734Z | E159: 1 | F159: 1 6 4 3 9 7 4 9 | G159: 43 | H159: 51 | I159: false | J159: 8 | K159: 4197 | L159: 8 | M159: 1.8 | N159: 1 | O159: 9 | P159: =LOWER(TRIM(C159)) | Q159: =IF(I159="true",1,0) | R159: =IF(K159="","",K159) | S159: =IF(OR(H159="",H159<8,H159>72),"",J159) | T159: =IF(OR(P159="lyrics",P159="instrumental"),1,IF(AND(P159="none",COUNTIFS($B$2:$B$479,B159,$P$2:$P$479,"none")>=3),1,0))
A160: 55 | B160: Participant 5 | C160: lyrics | D160: 2026-10-11T19:10:00.734Z | E160: 2 | F160: 6 8 7 9 6 2 8 1 | G160: 47 | H160: 70 | I160: false | J160: 23 | K160: 3551 | L160: 8 | M160: 1.8 | N160: 1 | O160: 9 | P160: =LOWER(TRIM(C160)) | Q160: =IF(I160="true",1,0) | R160: =IF(K160="","",K160) | S160: =IF(OR(H160="",H160<8,H160>72),"",J160) | T160: =IF(OR(P160="lyrics",P160="instrumental"),1,IF(AND(P160="none",COUNTIFS($B$2:$B$479,B160,$P$2:$P$479,"none")>=3),1,0))
A161: 55 | B161: Participant 5 | C161: lyrics | D161: 2026-10-11T19:10:00.734Z | E161: 3 | F161: 1 3 1 1 8 9 9 1 | G161: 33 | H161: 25 | I161: false | J161: 8 | L161: 8 | M161: 1.8 | N161: 1 | O161: 9 | P161: =LOWER(TRIM(C161)) | Q161: =IF(I161="true",1,0) | R161: =IF(K161="","",K161) | S161: =IF(OR(H161="",H161<8,H161>72),"",J161) | T161: =IF(OR(P161="lyrics",P161="instrumental"),1,IF(AND(P161="none",COUNTIFS($B$2:$B$479,B161,$P$2:$P$479,"none")>=3),1,0))
A162: 56 | B162: Participant 5 | C162: instrumental | D162: 2026-10-11T19:12:15.442Z | E162: 1 | F162: 7 7 4 3 2 2 4 4 | G162: 33 | H162: 29 | I162: false | J162: 4 | K162: 3319 | L162: 8 | M162: 1.8 | N162: 1 | O162: 9 | P162: =LOWER(TRIM(C162)) | Q162: =IF(I162="true",1,0) | R162: =IF(K162="","",K162) | S162: =IF(OR(H162="",H162<8,H162>72),"",J162) | T162: =IF(OR(P162="lyrics",P162="instrumental"),1,IF(AND(P162="none",COUNTIFS($B$2:$B$479,B162,$P$2:$P$479,"none")>=3),1,0))
A163: 56 | B163: Participant 5 | C163: instrumental | D163: 2026-10-11T19:12:15.442Z | E163: 2 | F163: 8 1 6 5 6 4 3 8 | G163: 41 | H163: 41 | I163: true | J163: 0 | K163: 3377 | L163: 8 | M163: 1.8 | N163: 1 | O163: 9 | P163: =LOWER(TRIM(C163)) | Q163: =IF(I163="true",1,0) | R163: =IF(K163="","",K163) | S163: =IF(OR(H163="",H163<8,H163>72),"",J163) | T163: =IF(OR(P163="lyrics",P163="instrumental"),1,IF(AND(P163="none",COUNTIFS($B$2:$B$479,B163,$P$2:$P$479,"none")>=3),1,0))
A164: 56 | B164: Participant 5 | C164: instrumental | D164: 2026-10-11T19:12:15.442Z | E164: 3 | F164: 3 8 1 3 2 5 6 9 | G164: 37 | H164: 41 | I164: false | J164: 4 | K164: 3514 | L164: 8 | M164: 1.8 | N164: 1 | O164: 9 | P164: =LOWER(TRIM(C164)) | Q164: =IF(I164="true",1,0) | R164: =IF(K164="","",K164) | S164: =IF(OR(H164="",H164<8,H164>72),"",J164) | T164: =IF(OR(P164="lyrics",P164="instrumental"),1,IF(AND(P164="none",COUNTIFS($B$2:$B$479,B164,$P$2:$P$479,"none")>=3),1,0))
A165: 57 | B165: Participant 5 | C165: lyrics | D165: 2026-10-11T19:14:13.251Z | E165: 1 | F165: 7 4 2 9 6 8 8 7 | G165: 51 | H165: 40 | I165: false | J165: 11 | K165: 3113 | L165: 8 | M165: 1.8 | N165: 1 | O165: 9 | P165: =LOWER(TRIM(C165)) | Q165: =IF(I165="true",1,0) | R165: =IF(K165="","",K165) | S165: =IF(OR(H165="",H165<8,H165>72),"",J165) | T165: =IF(OR(P165="lyrics",P165="instrumental"),1,IF(AND(P165="none",COUNTIFS($B$2:$B$479,B165,$P$2:$P$479,"none")>=3),1,0))
A166: 57 | B166: Participant 5 | C166: lyrics | D166: 2026-10-11T19:14:13.251Z | E166: 2 | F166: 6 9 6 1 5 9 4 9 | G166: 49 | H166: 41 | I166: false | J166: 8 | K166: 7370 | L166: 8 | M166: 1.8 | N166: 1 | O166: 9 | P166: =LOWER(TRIM(C166)) | Q166: =IF(I166="true",1,0) | R166: =IF(K166="","",K166) | S166: =IF(OR(H166="",H166<8,H166>72),"",J166) | T166: =IF(OR(P166="lyrics",P166="instrumental"),1,IF(AND(P166="none",COUNTIFS($B$2:$B$479,B166,$P$2:$P$479,"none")>=3),1,0))
A167: 57 | B167: Participant 5 | C167: lyrics | D167: 2026-10-11T19:14:13.251Z | E167: 3 | F167: 2 6 8 2 8 9 2 4 | G167: 41 | H167: 3 | I167: false | J167: 38 | L167: 8 | M167: 1.8 | N167: 1 | O167: 9 | P167: =LOWER(TRIM(C167)) | Q167: =IF(I167="true",1,0) | R167: =IF(K167="","",K167) | S167: =IF(OR(H167="",H167<8,H167>72),"",J167) | T167: =IF(OR(P167="lyrics",P167="instrumental"),1,IF(AND(P167="none",COUNTIFS($B$2:$B$479,B167,$P$2:$P$479,"none")>=3),1,0))
A168: 58 | B168: Participant 5 | C168: instrumental | D168: 2026-10-11T19:17:32.094Z | E168: 1 | F168: 1 4 6 2 2 4 7 1 | G168: 27 | H168: 27 | I168: true | J168: 0 | K168: 4515 | L168: 8 | M168: 1.8 | N168: 1 | O168: 9 | P168: =LOWER(TRIM(C168)) | Q168: =IF(I168="true",1,0) | R168: =IF(K168="","",K168) | S168: =IF(OR(H168="",H168<8,H168>72),"",J168) | T168: =IF(OR(P168="lyrics",P168="instrumental"),1,IF(AND(P168="none",COUNTIFS($B$2:$B$479,B168,$P$2:$P$479,"none")>=3),1,0))
A169: 58 | B169: Participant 5 | C169: instrumental | D169: 2026-10-11T19:17:32.094Z | E169: 2 | F169: 3 8 9 5 9 3 6 9 | G169: 52 | H169: 49 | I169: false | J169: 3 | L169: 8 | M169: 1.8 | N169: 1 | O169: 9 | P169: =LOWER(TRIM(C169)) | Q169: =IF(I169="true",1,0) | R169: =IF(K169="","",K169) | S169: =IF(OR(H169="",H169<8,H169>72),"",J169) | T169: =IF(OR(P169="lyrics",P169="instrumental"),1,IF(AND(P169="none",COUNTIFS($B$2:$B$479,B169,$P$2:$P$479,"none")>=3),1,0))
A170: 58 | B170: Participant 5 | C170: instrumental | D170: 2026-10-11T19:17:32.094Z | E170: 3 | F170: 9 5 1 6 6 1 3 9 | G170: 40 | H170: 40 | I170: true | J170: 0 | K170: 4356 | L170: 8 | M170: 1.8 | N170: 1 | O170: 9 | P170: =LOWER(TRIM(C170)) | Q170: =IF(I170="true",1,0) | R170: =IF(K170="","",K170) | S170: =IF(OR(H170="",H170<8,H170>72),"",J170) | T170: =IF(OR(P170="lyrics",P170="instrumental"),1,IF(AND(P170="none",COUNTIFS($B$2:$B$479,B170,$P$2:$P$479,"none")>=3),1,0))
A171: 59 | B171: Participant 5 | C171: lyrics | D171: 2026-10-11T19:18:52.617Z | E171: 1 | F171: 6 4 4 3 3 3 1 1 | G171: 25 | H171: 26 | I171: false | J171: 1 | K171: 2439 | L171: 8 | M171: 1.8 | N171: 1 | O171: 9 | P171: =LOWER(TRIM(C171)) | Q171: =IF(I171="true",1,0) | R171: =IF(K171="","",K171) | S171: =IF(OR(H171="",H171<8,H171>72),"",J171) | T171: =IF(OR(P171="lyrics",P171="instrumental"),1,IF(AND(P171="none",COUNTIFS($B$2:$B$479,B171,$P$2:$P$479,"none")>=3),1,0))
A172: 59 | B172: Participant 5 | C172: lyrics | D172: 2026-10-11T19:18:52.617Z | E172: 2 | F172: 1 1 3 4 3 6 9 2 | G172: 29 | H172: 23 | I172: false | J172: 6 | K172: 2182 | L172: 8 | M172: 1.8 | N172: 1 | O172: 9 | P172: =LOWER(TRIM(C172)) | Q172: =IF(I172="true",1,0) | R172: =IF(K172="","",K172) | S172: =IF(OR(H172="",H172<8,H172>72),"",J172) | T172: =IF(OR(P172="lyrics",P172="instrumental"),1,IF(AND(P172="none",COUNTIFS($B$2:$B$479,B172,$P$2:$P$479,"none")>=3),1,0))
A173: 59 | B173: Participant 5 | C173: lyrics | D173: 2026-10-11T19:18:52.617Z | E173: 3 | F173: 4 5 3 8 3 9 7 7 | G173: 46 | H173: 46 | I173: true | J173: 0 | K173: 5831 | L173: 8 | M173: 1.8 | N173: 1 | O173: 9 | P173: =LOWER(TRIM(C173)) | Q173: =IF(I173="true",1,0) | R173: =IF(K173="","",K173) | S173: =IF(OR(H173="",H173<8,H173>72),"",J173) | T173: =IF(OR(P173="lyrics",P173="instrumental"),1,IF(AND(P173="none",COUNTIFS($B$2:$B$479,B173,$P$2:$P$479,"none")>=3),1,0))
A174: 60 | B174: Participant 5 | C174: instrumental | D174: 2026-10-11T19:20:57.855Z | E174: 1 | F174: 3 7 2 6 5 7 2 4 | G174: 36 | H174: 36 | I174: true | J174: 0 | K174: 2982 | L174: 8 | M174: 1.8 | N174: 1 | O174: 9 | P174: =LOWER(TRIM(C174)) | Q174: =IF(I174="true",1,0) | R174: =IF(K174="","",K174) | S174: =IF(OR(H174="",H174<8,H174>72),"",J174) | T174: =IF(OR(P174="lyrics",P174="instrumental"),1,IF(AND(P174="none",COUNTIFS($B$2:$B$479,B174,$P$2:$P$479,"none")>=3),1,0))
A175: 60 | B175: Participant 5 | C175: instrumental | D175: 2026-10-11T19:20:57.855Z | E175: 2 | F175: 9 1 5 3 8 2 4 4 | G175: 36 | H175: 36 | I175: true | J175: 0 | K175: 5901 | L175: 8 | M175: 1.8 | N175: 1 | O175: 9 | P175: =LOWER(TRIM(C175)) | Q175: =IF(I175="true",1,0) | R175: =IF(K175="","",K175) | S175: =IF(OR(H175="",H175<8,H175>72),"",J175) | T175: =IF(OR(P175="lyrics",P175="instrumental"),1,IF(AND(P175="none",COUNTIFS($B$2:$B$479,B175,$P$2:$P$479,"none")>=3),1,0))
A176: 60 | B176: Participant 5 | C176: instrumental | D176: 2026-10-11T19:20:57.855Z | E176: 3 | F176: 3 3 9 2 6 2 3 5 | G176: 33 | H176: 33 | I176: true | J176: 0 | K176: 3510 | L176: 8 | M176: 1.8 | N176: 1 | O176: 9 | P176: =LOWER(TRIM(C176)) | Q176: =IF(I176="true",1,0) | R176: =IF(K176="","",K176) | S176: =IF(OR(H176="",H176<8,H176>72),"",J176) | T176: =IF(OR(P176="lyrics",P176="instrumental"),1,IF(AND(P176="none",COUNTIFS($B$2:$B$479,B176,$P$2:$P$479,"none")>=3),1,0))
A177: 61 | B177: Participant 6 | C177: none | D177: 2026-10-11T19:43:25.171Z | E177: 1 | F177: 6 7 9 4 3 8 3 7 | G177: 47 | H177: 47 | I177: true | J177: 0 | K177: 2713 | L177: 8 | M177: 1.5 | N177: 1 | O177: 9 | P177: =LOWER(TRIM(C177)) | Q177: =IF(I177="true",1,0) | R177: =IF(K177="","",K177) | S177: =IF(OR(H177="",H177<8,H177>72),"",J177) | T177: =IF(OR(P177="lyrics",P177="instrumental"),1,IF(AND(P177="none",COUNTIFS($B$2:$B$479,B177,$P$2:$P$479,"none")>=3),1,0))
A178: 61 | B178: Participant 6 | C178: none | D178: 2026-10-11T19:43:25.171Z | E178: 2 | F178: 3 4 5 4 9 1 1 6 | G178: 33 | H178: 38 | I178: false | J178: 5 | K178: 3183 | L178: 8 | M178: 1.5 | N178: 1 | O178: 9 | P178: =LOWER(TRIM(C178)) | Q178: =IF(I178="true",1,0) | R178: =IF(K178="","",K178) | S178: =IF(OR(H178="",H178<8,H178>72),"",J178) | T178: =IF(OR(P178="lyrics",P178="instrumental"),1,IF(AND(P178="none",COUNTIFS($B$2:$B$479,B178,$P$2:$P$479,"none")>=3),1,0))
A179: 62 | B179: Participant 6 | C179: instrumental | D179: 2026-10-11T19:45:41.619Z | E179: 1 | F179: 1 6 8 7 8 4 2 4 | G179: 40 | H179: 40 | I179: true | J179: 0 | K179: 2503 | L179: 8 | M179: 1.5 | N179: 1 | O179: 9 | P179: =LOWER(TRIM(C179)) | Q179: =IF(I179="true",1,0) | R179: =IF(K179="","",K179) | S179: =IF(OR(H179="",H179<8,H179>72),"",J179) | T179: =IF(OR(P179="lyrics",P179="instrumental"),1,IF(AND(P179="none",COUNTIFS($B$2:$B$479,B179,$P$2:$P$479,"none")>=3),1,0))
A180: 62 | B180: Participant 6 | C180: instrumental | D180: 2026-10-11T19:45:41.619Z | E180: 2 | F180: 7 4 5 2 7 7 9 1 | G180: 42 | H180: 42 | I180: true | J180: 0 | K180: 4927 | L180: 8 | M180: 1.5 | N180: 1 | O180: 9 | P180: =LOWER(TRIM(C180)) | Q180: =IF(I180="true",1,0) | R180: =IF(K180="","",K180) | S180: =IF(OR(H180="",H180<8,H180>72),"",J180) | T180: =IF(OR(P180="lyrics",P180="instrumental"),1,IF(AND(P180="none",COUNTIFS($B$2:$B$479,B180,$P$2:$P$479,"none")>=3),1,0))
A181: 62 | B181: Participant 6 | C181: instrumental | D181: 2026-10-11T19:45:41.619Z | E181: 3 | F181: 5 3 5 5 6 6 1 3 | G181: 34 | H181: 44 | I181: false | J181: 10 | K181: 2396 | L181: 8 | M181: 1.5 | N181: 1 | O181: 9 | P181: =LOWER(TRIM(C181)) | Q181: =IF(I181="true",1,0) | R181: =IF(K181="","",K181) | S181: =IF(OR(H181="",H181<8,H181>72),"",J181) | T181: =IF(OR(P181="lyrics",P181="instrumental"),1,IF(AND(P181="none",COUNTIFS($B$2:$B$479,B181,$P$2:$P$479,"none")>=3),1,0))
... A246: 85 | B246: Mila | C246: lyrics | D246: 2026-10-11T14:06:42.972Z | E246: 2 | F246: 6 6 6 3 4 1 3 7 | G246: 36 | H246: 49 | I246: false | J246: 13 | K246: 4995 | L246: 8 | M246: 1.8 | N246: 1 | O246: 9 | P246: =LOWER(TRIM(C246)) | Q246: =IF(I246="true",1,0) | R246: =IF(K246="","",K246) | S246: =IF(OR(H246="",H246<8,H246>72),"",J246) | T246: =IF(OR(P246="lyrics",P246="instrumental"),1,IF(AND(P246="none",COUNTIFS($B$2:$B$479,B246,$P$2:$P$479,"none")>=3),1,0))
A247: 85 | B247: Mila | C247: lyrics | D247: 2026-10-11T14:06:42.972Z | E247: 3 | F247: 6 7 6 4 1 5 7 6 | G247: 42 | H247: 43 | I247: false | J247: 1 | L247: 8 | M247: 1.8 | N247: 1 | O247: 9 | P247: =LOWER(TRIM(C247)) | Q247: =IF(I247="true",1,0) | R247: =IF(K247="","",K247) | S247: =IF(OR(H247="",H247<8,H247>72),"",J247) | T247: =IF(OR(P247="lyrics",P247="instrumental"),1,IF(AND(P247="none",COUNTIFS($B$2:$B$479,B247,$P$2:$P$479,"none")>=3),1,0))
A248: 86 | B248: Mila | C248: instrumental | D248: 2026-10-11T14:08:06.800Z | E248: 1 | F248: 8 6 9 2 6 6 7 6 | G248: 50 | H248: 48 | I248: false | J248: 2 | L248: 8 | M248: 1.8 | N248: 1 | O248: 9 | P248: =LOWER(TRIM(C248)) | Q248: =IF(I248="true",1,0) | R248: =IF(K248="","",K248) | S248: =IF(OR(H248="",H248<8,H248>72),"",J248) | T248: =IF(OR(P248="lyrics",P248="instrumental"),1,IF(AND(P248="none",COUNTIFS($B$2:$B$479,B248,$P$2:$P$479,"none")>=3),1,0))
A249: 86 | B249: Mila | C249: instrumental | D249: 2026-10-11T14:08:06.800Z | E249: 2 | F249: 2 8 4 1 3 4 4 8 | G249: 34 | H249: 34 | I249: true | J249: 0 | L249: 8 | M249: 1.8 | N249: 1 | O249: 9 | P249: =LOWER(TRIM(C249)) | Q249: =IF(I249="true",1,0) | R249: =IF(K249="","",K249) | S249: =IF(OR(H249="",H249<8,H249>72),"",J249) | T249: =IF(OR(P249="lyrics",P249="instrumental"),1,IF(AND(P249="none",COUNTIFS($B$2:$B$479,B249,$P$2:$P$479,"none")>=3),1,0))
A250: 86 | B250: Mila | C250: instrumental | D250: 2026-10-11T14:08:06.800Z | E250: 3 | F250: 2 1 3 4 6 3 9 8 | G250: 36 | H250: 36 | I250: true | J250: 0 | K250: 2322 | L250: 8 | M250: 1.8 | N250: 1 | O250: 9 | P250: =LOWER(TRIM(C250)) | Q250: =IF(I250="true",1,0) | R250: =IF(K250="","",K250) | S250: =IF(OR(H250="",H250<8,H250>72),"",J250) | T250: =IF(OR(P250="lyrics",P250="instrumental"),1,IF(AND(P250="none",COUNTIFS($B$2:$B$479,B250,$P$2:$P$479,"none")>=3),1,0))
A251: 87 | B251: Mila | C251: instrumental | D251: 2026-10-11T14:09:14.573Z | E251: 1 | F251: 9 1 2 9 7 3 7 6 | G251: 44 | H251: 46 | I251: false | J251: 2 | K251: 4166 | L251: 8 | M251: 1.8 | N251: 1 | O251: 9 | P251: =LOWER(TRIM(C251)) | Q251: =IF(I251="true",1,0) | R251: =IF(K251="","",K251) | S251: =IF(OR(H251="",H251<8,H251>72),"",J251) | T251: =IF(OR(P251="lyrics",P251="instrumental"),1,IF(AND(P251="none",COUNTIFS($B$2:$B$479,B251,$P$2:$P$479,"none")>=3),1,0))
A252: 87 | B252: Mila | C252: instrumental | D252: 2026-10-11T14:09:14.573Z | E252: 2 | F252: 6 1 5 4 5 9 9 2 | G252: 41 | H252: 41 | I252: true | J252: 0 | K252: 1454 | L252: 8 | M252: 1.8 | N252: 1 | O252: 9 | P252: =LOWER(TRIM(C252)) | Q252: =IF(I252="true",1,0) | R252: =IF(K252="","",K252) | S252: =IF(OR(H252="",H252<8,H252>72),"",J252) | T252: =IF(OR(P252="lyrics",P252="instrumental"),1,IF(AND(P252="none",COUNTIFS($B$2:$B$479,B252,$P$2:$P$479,"none")>=3),1,0))
A253: 87 | B253: Mila | C253: instrumental | D253: 2026-10-11T14:09:14.573Z | E253: 3 | F253: 3 6 3 8 2 1 5 5 | G253: 33 | H253: 42 | I253: false | J253: 9 | K253: 4072 | L253: 8 | M253: 1.8 | N253: 1 | O253: 9 | P253: =LOWER(TRIM(C253)) | Q253: =IF(I253="true",1,0) | R253: =IF(K253="","",K253) | S253: =IF(OR(H253="",H253<8,H253>72),"",J253) | T253: =IF(OR(P253="lyrics",P253="instrumental"),1,IF(AND(P253="none",COUNTIFS($B$2:$B$479,B253,$P$2:$P$479,"none")>=3),1,0))
A254: 88 | B254: Mila | C254: instrumental | D254: 2026-10-11T14:10:36.304Z | E254: 1 | F254: 1 5 9 7 4 4 6 4 | G254: 40 | H254: 39 | I254: false | J254: 1 | K254: 1310 | L254: 8 | M254: 1.8 | N254: 1 | O254: 9 | P254: =LOWER(TRIM(C254)) | Q254: =IF(I254="true",1,0) | R254: =IF(K254="","",K254) | S254: =IF(OR(H254="",H254<8,H254>72),"",J254) | T254: =IF(OR(P254="lyrics",P254="instrumental"),1,IF(AND(P254="none",COUNTIFS($B$2:$B$479,B254,$P$2:$P$479,"none")>=3),1,0))
A255: 88 | B255: Mila | C255: instrumental | D255: 2026-10-11T14:10:36.304Z | E255: 2 | F255: 1 1 2 1 2 4 7 6 | G255: 24 | H255: 24 | I255: true | J255: 0 | K255: 4065 | L255: 8 | M255: 1.8 | N255: 1 | O255: 9 | P255: =LOWER(TRIM(C255)) | Q255: =IF(I255="true",1,0) | R255: =IF(K255="","",K255) | S255: =IF(OR(H255="",H255<8,H255>72),"",J255) | T255: =IF(OR(P255="lyrics",P255="instrumental"),1,IF(AND(P255="none",COUNTIFS($B$2:$B$479,B255,$P$2:$P$479,"none")>=3),1,0))
A256: 88 | B256: Mila | C256: instrumental | D256: 2026-10-11T14:10:36.304Z | E256: 3 | F256: 9 7 5 5 7 1 6 7 | G256: 47 | H256: 47 | I256: true | J256: 0 | K256: 1100 | L256: 8 | M256: 1.8 | N256: 1 | O256: 9 | P256: =LOWER(TRIM(C256)) | Q256: =IF(I256="true",1,0) | R256: =IF(K256="","",K256) | S256: =IF(OR(H256="",H256<8,H256>72),"",J256) | T256: =IF(OR(P256="lyrics",P256="instrumental"),1,IF(AND(P256="none",COUNTIFS($B$2:$B$479,B256,$P$2:$P$479,"none")>=3),1,0))
A257: 89 | B257: benjamin | C257: none | D257: 2026-10-11T14:16:19.189Z | E257: 1 | F257: 3 3 6 6 6 8 5 4 | G257: 41 | I257: false | L257: 8 | M257: 1.8 | N257: 1 | O257: 9 | P257: =LOWER(TRIM(C257)) | Q257: =IF(I257="true",1,0) | R257: =IF(K257="","",K257) | S257: =IF(OR(H257="",H257<8,H257>72),"",J257) | T257: =IF(OR(P257="lyrics",P257="instrumental"),1,IF(AND(P257="none",COUNTIFS($B$2:$B$479,B257,$P$2:$P$479,"none")>=3),1,0))
A258: 89 | B258: benjamin | C258: none | D258: 2026-10-11T14:16:19.189Z | E258: 2 | F258: 6 4 8 9 8 1 5 7 | G258: 48 | H258: 48 | I258: true | J258: 0 | K258: 4970 | L258: 8 | M258: 1.8 | N258: 1 | O258: 9 | P258: =LOWER(TRIM(C258)) | Q258: =IF(I258="true",1,0) | R258: =IF(K258="","",K258) | S258: =IF(OR(H258="",H258<8,H258>72),"",J258) | T258: =IF(OR(P258="lyrics",P258="instrumental"),1,IF(AND(P258="none",COUNTIFS($B$2:$B$479,B258,$P$2:$P$479,"none")>=3),1,0))
A259: 90 | B259: benjamin | C259: instrumental | D259: 2026-10-11T14:19:23.928Z | E259: 1 | F259: 4 3 6 6 4 8 9 5 | G259: 45 | H259: 45 | I259: true | J259: 0 | K259: 2394 | L259: 8 | M259: 1.8 | N259: 1 | O259: 9 | P259: =LOWER(TRIM(C259)) | Q259: =IF(I259="true",1,0) | R259: =IF(K259="","",K259) | S259: =IF(OR(H259="",H259<8,H259>72),"",J259) | T259: =IF(OR(P259="lyrics",P259="instrumental"),1,IF(AND(P259="none",COUNTIFS($B$2:$B$479,B259,$P$2:$P$479,"none")>=3),1,0))
A260: 90 | B260: benjamin | C260: instrumental | D260: 2026-10-11T14:19:23.928Z | E260: 2 | F260: 6 8 8 1 1 1 1 1 | G260: 27 | H260: 27 | I260: true | J260: 0 | K260: 2524 | L260: 8 | M260: 1.8 | N260: 1 | O260: 9 | P260: =LOWER(TRIM(C260)) | Q260: =IF(I260="true",1,0) | R260: =IF(K260="","",K260) | S260: =IF(OR(H260="",H260<8,H260>72),"",J260) | T260: =IF(OR(P260="lyrics",P260="instrumental"),1,IF(AND(P260="none",COUNTIFS($B$2:$B$479,B260,$P$2:$P$479,"none")>=3),1,0))
A261: 90 | B261: benjamin | C261: instrumental | D261: 2026-10-11T14:19:23.928Z | E261: 3 | F261: 9 3 7 5 4 6 9 1 | G261: 44 | H261: 44 | I261: true | J261: 0 | K261: 1627 | L261: 8 | M261: 1.8 | N261: 1 | O261: 9 | P261: =LOWER(TRIM(C261)) | Q261: =IF(I261="true",1,0) | R261: =IF(K261="","",K261) | S261: =IF(OR(H261="",H261<8,H261>72),"",J261) | T261: =IF(OR(P261="lyrics",P261="instrumental"),1,IF(AND(P261="none",COUNTIFS($B$2:$B$479,B261,$P$2:$P$479,"none")>=3),1,0))
A262: 91 | B262: benjamin | C262: instrumental | D262: 2026-10-11T14:20:37.937Z | E262: 1 | F262: 7 6 7 9 7 7 3 9 | G262: 55 | H262: 55 | I262: true | J262: 0 | K262: 2097 | L262: 8 | M262: 1.8 | N262: 1 | O262: 9 | P262: =LOWER(TRIM(C262)) | Q262: =IF(I262="true",1,0) | R262: =IF(K262="","",K262) | S262: =IF(OR(H262="",H262<8,H262>72),"",J262) | T262: =IF(OR(P262="lyrics",P262="instrumental"),1,IF(AND(P262="none",COUNTIFS($B$2:$B$479,B262,$P$2:$P$479,"none")>=3),1,0))
A263: 91 | B263: benjamin | C263: instrumental | D263: 2026-10-11T14:20:37.937Z | E263: 2 | F263: 9 8 3 5 5 1 8 1 | G263: 40 | H263: 40 | I263: true | J263: 0 | K263: 2219 | L263: 8 | M263: 1.8 | N263: 1 | O263: 9 | P263: =LOWER(TRIM(C263)) | Q263: =IF(I263="true",1,0) | R263: =IF(K263="","",K263) | S263: =IF(OR(H263="",H263<8,H263>72),"",J263) | T263: =IF(OR(P263="lyrics",P263="instrumental"),1,IF(AND(P263="none",COUNTIFS($B$2:$B$479,B263,$P$2:$P$479,"none")>=3),1,0))
A264: 91 | B264: benjamin | C264: instrumental | D264: 2026-10-11T14:20:37.937Z | E264: 3 | F264: 4 1 5 8 4 4 3 5 | G264: 34 | H264: 34 | I264: true | J264: 0 | K264: 1877 | L264: 8 | M264: 1.8 | N264: 1 | O264: 9 | P264: =LOWER(TRIM(C264)) | Q264: =IF(I264="true",1,0) | R264: =IF(K264="","",K264) | S264: =IF(OR(H264="",H264<8,H264>72),"",J264) | T264: =IF(OR(P264="lyrics",P264="instrumental"),1,IF(AND(P264="none",COUNTIFS($B$2:$B$479,B264,$P$2:$P$479,"none")>=3),1,0))
A265: 92 | B265: benjamin | C265: instrumental | D265: 2026-10-11T14:22:21.828Z | E265: 1 | F265: 2 1 9 2 9 6 4 8 | G265: 41 | H265: 41 | I265: true | J265: 0 | K265: 2225 | L265: 8 | M265: 1.8 | N265: 1 | O265: 9 | P265: =LOWER(TRIM(C265)) | Q265: =IF(I265="true",1,0) | R265: =IF(K265="","",K265) | S265: =IF(OR(H265="",H265<8,H265>72),"",J265) | T265: =IF(OR(P265="lyrics",P265="instrumental"),1,IF(AND(P265="none",COUNTIFS($B$2:$B$479,B265,$P$2:$P$479,"none")>=3),1,0))
A266: 92 | B266: benjamin | C266: instrumental | D266: 2026-10-11T14:22:21.828Z | E266: 2 | F266: 7 3 1 3 4 7 6 5 | G266: 36 | H266: 36 | I266: true | J266: 0 | K266: 2348 | L266: 8 | M266: 1.8 | N266: 1 | O266: 9 | P266: =LOWER(TRIM(C266)) | Q266: =IF(I266="true",1,0) | R266: =IF(K266="","",K266) | S266: =IF(OR(H266="",H266<8,H266>72),"",J266) | T266: =IF(OR(P266="lyrics",P266="instrumental"),1,IF(AND(P266="none",COUNTIFS($B$2:$B$479,B266,$P$2:$P$479,"none")>=3),1,0))
A267: 92 | B267: benjamin | C267: instrumental | D267: 2026-10-11T14:22:21.828Z | E267: 3 | F267: 3 4 4 5 9 9 8 4 | G267: 46 | H267: 46 | I267: true | J267: 0 | K267: 2175 | L267: 8 | M267: 1.8 | N267: 1 | O267: 9 | P267: =LOWER(TRIM(C267)) | Q267: =IF(I267="true",1,0) | R267: =IF(K267="","",K267) | S267: =IF(OR(H267="",H267<8,H267>72),"",J267) | T267: =IF(OR(P267="lyrics",P267="instrumental"),1,IF(AND(P267="none",COUNTIFS($B$2:$B$479,B267,$P$2:$P$479,"none")>=3),1,0))
A268: 93 | B268: benjamin | C268: lyrics | D268: 2026-10-11T14:23:40.788Z | E268: 1 | F268: 3 4 9 1 1 9 2 9 | G268: 38 | H268: 38 | I268: true | J268: 0 | K268: 4143 | L268: 8 | M268: 1.8 | N268: 1 | O268: 9 | P268: =LOWER(TRIM(C268)) | Q268: =IF(I268="true",1,0) | R268: =IF(K268="","",K268) | S268: =IF(OR(H268="",H268<8,H268>72),"",J268) | T268: =IF(OR(P268="lyrics",P268="instrumental"),1,IF(AND(P268="none",COUNTIFS($B$2:$B$479,B268,$P$2:$P$479,"none")>=3),1,0))
A269: 93 | B269: benjamin | C269: lyrics | D269: 2026-10-11T14:23:40.788Z | E269: 2 | F269: 2 5 2 5 2 6 5 4 | G269: 31 | H269: 33 | I269: false | J269: 2 | K269: 1720 | L269: 8 | M269: 1.8 | N269: 1 | O269: 9 | P269: =LOWER(TRIM(C269)) | Q269: =IF(I269="true",1,0) | R269: =IF(K269="","",K269) | S269: =IF(OR(H269="",H269<8,H269>72),"",J269) | T269: =IF(OR(P269="lyrics",P269="instrumental"),1,IF(AND(P269="none",COUNTIFS($B$2:$B$479,B269,$P$2:$P$479,"none")>=3),1,0))
... A479: 164 | B479: Deelnemer 7 | C479: instrumental | D479: 2026-10-14T14:10:12.978Z | E479: 3 | F479: 2 2 7 9 4 8 7 3 | G479: 42 | H479: 45 | I479: false | J479: 3 | K479: 4916 | L479: 8 | M479: 1.8 | N479: 1 | O479: 9 | P479: =LOWER(TRIM(C479)) | Q479: =IF(I479="true",1,0) | R479: =IF(K479="","",K479) | S479: =IF(OR(H479="",H479<8,H479>72),"",J479) | T479: =IF(OR(P479="lyrics",P479="instrumental"),1,IF(AND(P479="none",COUNTIFS($B$2:$B$479,B479,$P$2:$P$479,"none")>=3),1,0))

Sheet By person
A1: One row per person
A2: Formulas read All data. Practice silence is excluded. A silence block of three trials is kept.
A3: Person | B3: Lyrics trials | C3: Instrumental trials | D3: Silence trials | E3: Lyrics correct | F3: Instrumental correct | G3: Silence correct | H3: Accuracy difference | I3: Lyrics time (ms) | J3: Instrumental time (ms) | K3: Silence time (ms) | L3: Time difference (ms) | M3: Lyrics error | N3: Instrumental error | O3: Silence error | P3: Error difference | Q3: Lyrics − silence, accuracy | R3: Instrumental − silence, accuracy | S3: Lyrics − silence, time (ms) | T3: Instrumental − silence, time (ms) | U3: Accuracy difference, silence group | V3: Time difference, silence group | W3: Error difference, silence group
A4: anne | B4: =COUNTIFS(Names,A4,Cond,"lyrics",Scored,1) | C4: =COUNTIFS(Names,A4,Cond,"instrumental",Scored,1) | D4: =COUNTIFS(Names,A4,Cond,"none",Scored,1) | E4: =IF(B4=0,"",AVERAGEIFS(CorrectN,Names,A4,Cond,"lyrics",Scored,1)) | F4: =IF(C4=0,"",AVERAGEIFS(CorrectN,Names,A4,Cond,"instrumental",Scored,1)) | G4: =IF(D4=0,"",AVERAGEIFS(CorrectN,Names,A4,Cond,"none",Scored,1)) | H4: =IF(OR(E4="",F4=""),"",E4-F4) | I4: =IF(B4=0,"",AVERAGEIFS(RtN,Names,A4,Cond,"lyrics",Scored,1)) | J4: =IF(C4=0,"",AVERAGEIFS(RtN,Names,A4,Cond,"instrumental",Scored,1)) | K4: =IF(D4=0,"",AVERAGEIFS(RtN,Names,A4,Cond,"none",Scored,1)) | L4: =IF(OR(I4="",J4=""),"",I4-J4) | M4: =IF(B4=0,"",AVERAGEIFS(AbsN,Names,A4,Cond,"lyrics",Scored,1)) | N4: =IF(C4=0,"",AVERAGEIFS(AbsN,Names,A4,Cond,"instrumental",Scored,1)) | O4: =IF(D4=0,"",AVERAGEIFS(AbsN,Names,A4,Cond,"none",Scored,1)) | P4: =IF(OR(M4="",N4=""),"",M4-N4) | Q4: =IF(OR(E4="",G4=""),"",E4-G4) | R4: =IF(OR(F4="",G4=""),"",F4-G4) | S4: =IF(OR(I4="",K4=""),"",I4-K4) | T4: =IF(OR(J4="",K4=""),"",J4-K4) | U4: =IF(D4>=3,H4,"") | V4: =IF(D4>=3,L4,"") | W4: =IF(D4>=3,P4,"")
A5: aus | B5: =COUNTIFS(Names,A5,Cond,"lyrics",Scored,1) | C5: =COUNTIFS(Names,A5,Cond,"instrumental",Scored,1) | D5: =COUNTIFS(Names,A5,Cond,"none",Scored,1) | E5: =IF(B5=0,"",AVERAGEIFS(CorrectN,Names,A5,Cond,"lyrics",Scored,1)) | F5: =IF(C5=0,"",AVERAGEIFS(CorrectN,Names,A5,Cond,"instrumental",Scored,1)) | G5: =IF(D5=0,"",AVERAGEIFS(CorrectN,Names,A5,Cond,"none",Scored,1)) | H5: =IF(OR(E5="",F5=""),"",E5-F5) | I5: =IF(B5=0,"",AVERAGEIFS(RtN,Names,A5,Cond,"lyrics",Scored,1)) | J5: =IF(C5=0,"",AVERAGEIFS(RtN,Names,A5,Cond,"instrumental",Scored,1)) | K5: =IF(D5=0,"",AVERAGEIFS(RtN,Names,A5,Cond,"none",Scored,1)) | L5: =IF(OR(I5="",J5=""),"",I5-J5) | M5: =IF(B5=0,"",AVERAGEIFS(AbsN,Names,A5,Cond,"lyrics",Scored,1)) | N5: =IF(C5=0,"",AVERAGEIFS(AbsN,Names,A5,Cond,"instrumental",Scored,1)) | O5: =IF(D5=0,"",AVERAGEIFS(AbsN,Names,A5,Cond,"none",Scored,1)) | P5: =IF(OR(M5="",N5=""),"",M5-N5) | Q5: =IF(OR(E5="",G5=""),"",E5-G5) | R5: =IF(OR(F5="",G5=""),"",F5-G5) | S5: =IF(OR(I5="",K5=""),"",I5-K5) | T5: =IF(OR(J5="",K5=""),"",J5-K5) | U5: =IF(D5>=3,H5,"") | V5: =IF(D5>=3,L5,"") | W5: =IF(D5>=3,P5,"")
A6: benjamin | B6: =COUNTIFS(Names,A6,Cond,"lyrics",Scored,1) | C6: =COUNTIFS(Names,A6,Cond,"instrumental",Scored,1) | D6: =COUNTIFS(Names,A6,Cond,"none",Scored,1) | E6: =IF(B6=0,"",AVERAGEIFS(CorrectN,Names,A6,Cond,"lyrics",Scored,1)) | F6: =IF(C6=0,"",AVERAGEIFS(CorrectN,Names,A6,Cond,"instrumental",Scored,1)) | G6: =IF(D6=0,"",AVERAGEIFS(CorrectN,Names,A6,Cond,"none",Scored,1)) | H6: =IF(OR(E6="",F6=""),"",E6-F6) | I6: =IF(B6=0,"",AVERAGEIFS(RtN,Names,A6,Cond,"lyrics",Scored,1)) | J6: =IF(C6=0,"",AVERAGEIFS(RtN,Names,A6,Cond,"instrumental",Scored,1)) | K6: =IF(D6=0,"",AVERAGEIFS(RtN,Names,A6,Cond,"none",Scored,1)) | L6: =IF(OR(I6="",J6=""),"",I6-J6) | M6: =IF(B6=0,"",AVERAGEIFS(AbsN,Names,A6,Cond,"lyrics",Scored,1)) | N6: =IF(C6=0,"",AVERAGEIFS(AbsN,Names,A6,Cond,"instrumental",Scored,1)) | O6: =IF(D6=0,"",AVERAGEIFS(AbsN,Names,A6,Cond,"none",Scored,1)) | P6: =IF(OR(M6="",N6=""),"",M6-N6) | Q6: =IF(OR(E6="",G6=""),"",E6-G6) | R6: =IF(OR(F6="",G6=""),"",F6-G6) | S6: =IF(OR(I6="",K6=""),"",I6-K6) | T6: =IF(OR(J6="",K6=""),"",J6-K6) | U6: =IF(D6>=3,H6,"") | V6: =IF(D6>=3,L6,"") | W6: =IF(D6>=3,P6,"")
A7: Bommel | B7: =COUNTIFS(Names,A7,Cond,"lyrics",Scored,1) | C7: =COUNTIFS(Names,A7,Cond,"instrumental",Scored,1) | D7: =COUNTIFS(Names,A7,Cond,"none",Scored,1) | E7: =IF(B7=0,"",AVERAGEIFS(CorrectN,Names,A7,Cond,"lyrics",Scored,1)) | F7: =IF(C7=0,"",AVERAGEIFS(CorrectN,Names,A7,Cond,"instrumental",Scored,1)) | G7: =IF(D7=0,"",AVERAGEIFS(CorrectN,Names,A7,Cond,"none",Scored,1)) | H7: =IF(OR(E7="",F7=""),"",E7-F7) | I7: =IF(B7=0,"",AVERAGEIFS(RtN,Names,A7,Cond,"lyrics",Scored,1)) | J7: =IF(C7=0,"",AVERAGEIFS(RtN,Names,A7,Cond,"instrumental",Scored,1)) | K7: =IF(D7=0,"",AVERAGEIFS(RtN,Names,A7,Cond,"none",Scored,1)) | L7: =IF(OR(I7="",J7=""),"",I7-J7) | M7: =IF(B7=0,"",AVERAGEIFS(AbsN,Names,A7,Cond,"lyrics",Scored,1)) | N7: =IF(C7=0,"",AVERAGEIFS(AbsN,Names,A7,Cond,"instrumental",Scored,1)) | O7: =IF(D7=0,"",AVERAGEIFS(AbsN,Names,A7,Cond,"none",Scored,1)) | P7: =IF(OR(M7="",N7=""),"",M7-N7) | Q7: =IF(OR(E7="",G7=""),"",E7-G7) | R7: =IF(OR(F7="",G7=""),"",F7-G7) | S7: =IF(OR(I7="",K7=""),"",I7-K7) | T7: =IF(OR(J7="",K7=""),"",J7-K7) | U7: =IF(D7>=3,H7,"") | V7: =IF(D7>=3,L7,"") | W7: =IF(D7>=3,P7,"")
A8: Bram | B8: =COUNTIFS(Names,A8,Cond,"lyrics",Scored,1) | C8: =COUNTIFS(Names,A8,Cond,"instrumental",Scored,1) | D8: =COUNTIFS(Names,A8,Cond,"none",Scored,1) | E8: =IF(B8=0,"",AVERAGEIFS(CorrectN,Names,A8,Cond,"lyrics",Scored,1)) | F8: =IF(C8=0,"",AVERAGEIFS(CorrectN,Names,A8,Cond,"instrumental",Scored,1)) | G8: =IF(D8=0,"",AVERAGEIFS(CorrectN,Names,A8,Cond,"none",Scored,1)) | H8: =IF(OR(E8="",F8=""),"",E8-F8) | I8: =IF(B8=0,"",AVERAGEIFS(RtN,Names,A8,Cond,"lyrics",Scored,1)) | J8: =IF(C8=0,"",AVERAGEIFS(RtN,Names,A8,Cond,"instrumental",Scored,1)) | K8: =IF(D8=0,"",AVERAGEIFS(RtN,Names,A8,Cond,"none",Scored,1)) | L8: =IF(OR(I8="",J8=""),"",I8-J8) | M8: =IF(B8=0,"",AVERAGEIFS(AbsN,Names,A8,Cond,"lyrics",Scored,1)) | N8: =IF(C8=0,"",AVERAGEIFS(AbsN,Names,A8,Cond,"instrumental",Scored,1)) | O8: =IF(D8=0,"",AVERAGEIFS(AbsN,Names,A8,Cond,"none",Scored,1)) | P8: =IF(OR(M8="",N8=""),"",M8-N8) | Q8: =IF(OR(E8="",G8=""),"",E8-G8) | R8: =IF(OR(F8="",G8=""),"",F8-G8) | S8: =IF(OR(I8="",K8=""),"",I8-K8) | T8: =IF(OR(J8="",K8=""),"",J8-K8) | U8: =IF(D8>=3,H8,"") | V8: =IF(D8>=3,L8,"") | W8: =IF(D8>=3,P8,"")
A9: Cas | B9: =COUNTIFS(Names,A9,Cond,"lyrics",Scored,1) | C9: =COUNTIFS(Names,A9,Cond,"instrumental",Scored,1) | D9: =COUNTIFS(Names,A9,Cond,"none",Scored,1) | E9: =IF(B9=0,"",AVERAGEIFS(CorrectN,Names,A9,Cond,"lyrics",Scored,1)) | F9: =IF(C9=0,"",AVERAGEIFS(CorrectN,Names,A9,Cond,"instrumental",Scored,1)) | G9: =IF(D9=0,"",AVERAGEIFS(CorrectN,Names,A9,Cond,"none",Scored,1)) | H9: =IF(OR(E9="",F9=""),"",E9-F9) | I9: =IF(B9=0,"",AVERAGEIFS(RtN,Names,A9,Cond,"lyrics",Scored,1)) | J9: =IF(C9=0,"",AVERAGEIFS(RtN,Names,A9,Cond,"instrumental",Scored,1)) | K9: =IF(D9=0,"",AVERAGEIFS(RtN,Names,A9,Cond,"none",Scored,1)) | L9: =IF(OR(I9="",J9=""),"",I9-J9) | M9: =IF(B9=0,"",AVERAGEIFS(AbsN,Names,A9,Cond,"lyrics",Scored,1)) | N9: =IF(C9=0,"",AVERAGEIFS(AbsN,Names,A9,Cond,"instrumental",Scored,1)) | O9: =IF(D9=0,"",AVERAGEIFS(AbsN,Names,A9,Cond,"none",Scored,1)) | P9: =IF(OR(M9="",N9=""),"",M9-N9) | Q9: =IF(OR(E9="",G9=""),"",E9-G9) | R9: =IF(OR(F9="",G9=""),"",F9-G9) | S9: =IF(OR(I9="",K9=""),"",I9-K9) | T9: =IF(OR(J9="",K9=""),"",J9-K9) | U9: =IF(D9>=3,H9,"") | V9: =IF(D9>=3,L9,"") | W9: =IF(D9>=3,P9,"")
A10: Deelnemer 1 | B10: =COUNTIFS(Names,A10,Cond,"lyrics",Scored,1) | C10: =COUNTIFS(Names,A10,Cond,"instrumental",Scored,1) | D10: =COUNTIFS(Names,A10,Cond,"none",Scored,1) | E10: =IF(B10=0,"",AVERAGEIFS(CorrectN,Names,A10,Cond,"lyrics",Scored,1)) | F10: =IF(C10=0,"",AVERAGEIFS(CorrectN,Names,A10,Cond,"instrumental",Scored,1)) | G10: =IF(D10=0,"",AVERAGEIFS(CorrectN,Names,A10,Cond,"none",Scored,1)) | H10: =IF(OR(E10="",F10=""),"",E10-F10) | I10: =IF(B10=0,"",AVERAGEIFS(RtN,Names,A10,Cond,"lyrics",Scored,1)) | J10: =IF(C10=0,"",AVERAGEIFS(RtN,Names,A10,Cond,"instrumental",Scored,1)) | K10: =IF(D10=0,"",AVERAGEIFS(RtN,Names,A10,Cond,"none",Scored,1)) | L10: =IF(OR(I10="",J10=""),"",I10-J10) | M10: =IF(B10=0,"",AVERAGEIFS(AbsN,Names,A10,Cond,"lyrics",Scored,1)) | N10: =IF(C10=0,"",AVERAGEIFS(AbsN,Names,A10,Cond,"instrumental",Scored,1)) | O10: =IF(D10=0,"",AVERAGEIFS(AbsN,Names,A10,Cond,"none",Scored,1)) | P10: =IF(OR(M10="",N10=""),"",M10-N10) | Q10: =IF(OR(E10="",G10=""),"",E10-G10) | R10: =IF(OR(F10="",G10=""),"",F10-G10) | S10: =IF(OR(I10="",K10=""),"",I10-K10) | T10: =IF(OR(J10="",K10=""),"",J10-K10) | U10: =IF(D10>=3,H10,"") | V10: =IF(D10>=3,L10,"") | W10: =IF(D10>=3,P10,"")
A11: Deelnemer 2 | B11: =COUNTIFS(Names,A11,Cond,"lyrics",Scored,1) | C11: =COUNTIFS(Names,A11,Cond,"instrumental",Scored,1) | D11: =COUNTIFS(Names,A11,Cond,"none",Scored,1) | E11: =IF(B11=0,"",AVERAGEIFS(CorrectN,Names,A11,Cond,"lyrics",Scored,1)) | F11: =IF(C11=0,"",AVERAGEIFS(CorrectN,Names,A11,Cond,"instrumental",Scored,1)) | G11: =IF(D11=0,"",AVERAGEIFS(CorrectN,Names,A11,Cond,"none",Scored,1)) | H11: =IF(OR(E11="",F11=""),"",E11-F11) | I11: =IF(B11=0,"",AVERAGEIFS(RtN,Names,A11,Cond,"lyrics",Scored,1)) | J11: =IF(C11=0,"",AVERAGEIFS(RtN,Names,A11,Cond,"instrumental",Scored,1)) | K11: =IF(D11=0,"",AVERAGEIFS(RtN,Names,A11,Cond,"none",Scored,1)) | L11: =IF(OR(I11="",J11=""),"",I11-J11) | M11: =IF(B11=0,"",AVERAGEIFS(AbsN,Names,A11,Cond,"lyrics",Scored,1)) | N11: =IF(C11=0,"",AVERAGEIFS(AbsN,Names,A11,Cond,"instrumental",Scored,1)) | O11: =IF(D11=0,"",AVERAGEIFS(AbsN,Names,A11,Cond,"none",Scored,1)) | P11: =IF(OR(M11="",N11=""),"",M11-N11) | Q11: =IF(OR(E11="",G11=""),"",E11-G11) | R11: =IF(OR(F11="",G11=""),"",F11-G11) | S11: =IF(OR(I11="",K11=""),"",I11-K11) | T11: =IF(OR(J11="",K11=""),"",J11-K11) | U11: =IF(D11>=3,H11,"") | V11: =IF(D11>=3,L11,"") | W11: =IF(D11>=3,P11,"")
A12: Deelnemer 3 | B12: =COUNTIFS(Names,A12,Cond,"lyrics",Scored,1) | C12: =COUNTIFS(Names,A12,Cond,"instrumental",Scored,1) | D12: =COUNTIFS(Names,A12,Cond,"none",Scored,1) | E12: =IF(B12=0,"",AVERAGEIFS(CorrectN,Names,A12,Cond,"lyrics",Scored,1)) | F12: =IF(C12=0,"",AVERAGEIFS(CorrectN,Names,A12,Cond,"instrumental",Scored,1)) | G12: =IF(D12=0,"",AVERAGEIFS(CorrectN,Names,A12,Cond,"none",Scored,1)) | H12: =IF(OR(E12="",F12=""),"",E12-F12) | I12: =IF(B12=0,"",AVERAGEIFS(RtN,Names,A12,Cond,"lyrics",Scored,1)) | J12: =IF(C12=0,"",AVERAGEIFS(RtN,Names,A12,Cond,"instrumental",Scored,1)) | K12: =IF(D12=0,"",AVERAGEIFS(RtN,Names,A12,Cond,"none",Scored,1)) | L12: =IF(OR(I12="",J12=""),"",I12-J12) | M12: =IF(B12=0,"",AVERAGEIFS(AbsN,Names,A12,Cond,"lyrics",Scored,1)) | N12: =IF(C12=0,"",AVERAGEIFS(AbsN,Names,A12,Cond,"instrumental",Scored,1)) | O12: =IF(D12=0,"",AVERAGEIFS(AbsN,Names,A12,Cond,"none",Scored,1)) | P12: =IF(OR(M12="",N12=""),"",M12-N12) | Q12: =IF(OR(E12="",G12=""),"",E12-G12) | R12: =IF(OR(F12="",G12=""),"",F12-G12) | S12: =IF(OR(I12="",K12=""),"",I12-K12) | T12: =IF(OR(J12="",K12=""),"",J12-K12) | U12: =IF(D12>=3,H12,"") | V12: =IF(D12>=3,L12,"") | W12: =IF(D12>=3,P12,"")
A13: Deelnemer 4 | B13: =COUNTIFS(Names,A13,Cond,"lyrics",Scored,1) | C13: =COUNTIFS(Names,A13,Cond,"instrumental",Scored,1) | D13: =COUNTIFS(Names,A13,Cond,"none",Scored,1) | E13: =IF(B13=0,"",AVERAGEIFS(CorrectN,Names,A13,Cond,"lyrics",Scored,1)) | F13: =IF(C13=0,"",AVERAGEIFS(CorrectN,Names,A13,Cond,"instrumental",Scored,1)) | G13: =IF(D13=0,"",AVERAGEIFS(CorrectN,Names,A13,Cond,"none",Scored,1)) | H13: =IF(OR(E13="",F13=""),"",E13-F13) | I13: =IF(B13=0,"",AVERAGEIFS(RtN,Names,A13,Cond,"lyrics",Scored,1)) | J13: =IF(C13=0,"",AVERAGEIFS(RtN,Names,A13,Cond,"instrumental",Scored,1)) | K13: =IF(D13=0,"",AVERAGEIFS(RtN,Names,A13,Cond,"none",Scored,1)) | L13: =IF(OR(I13="",J13=""),"",I13-J13) | M13: =IF(B13=0,"",AVERAGEIFS(AbsN,Names,A13,Cond,"lyrics",Scored,1)) | N13: =IF(C13=0,"",AVERAGEIFS(AbsN,Names,A13,Cond,"instrumental",Scored,1)) | O13: =IF(D13=0,"",AVERAGEIFS(AbsN,Names,A13,Cond,"none",Scored,1)) | P13: =IF(OR(M13="",N13=""),"",M13-N13) | Q13: =IF(OR(E13="",G13=""),"",E13-G13) | R13: =IF(OR(F13="",G13=""),"",F13-G13) | S13: =IF(OR(I13="",K13=""),"",I13-K13) | T13: =IF(OR(J13="",K13=""),"",J13-K13) | U13: =IF(D13>=3,H13,"") | V13: =IF(D13>=3,L13,"") | W13: =IF(D13>=3,P13,"")
A14: Deelnemer 5 | B14: =COUNTIFS(Names,A14,Cond,"lyrics",Scored,1) | C14: =COUNTIFS(Names,A14,Cond,"instrumental",Scored,1) | D14: =COUNTIFS(Names,A14,Cond,"none",Scored,1) | E14: =IF(B14=0,"",AVERAGEIFS(CorrectN,Names,A14,Cond,"lyrics",Scored,1)) | F14: =IF(C14=0,"",AVERAGEIFS(CorrectN,Names,A14,Cond,"instrumental",Scored,1)) | G14: =IF(D14=0,"",AVERAGEIFS(CorrectN,Names,A14,Cond,"none",Scored,1)) | H14: =IF(OR(E14="",F14=""),"",E14-F14) | I14: =IF(B14=0,"",AVERAGEIFS(RtN,Names,A14,Cond,"lyrics",Scored,1)) | J14: =IF(C14=0,"",AVERAGEIFS(RtN,Names,A14,Cond,"instrumental",Scored,1)) | K14: =IF(D14=0,"",AVERAGEIFS(RtN,Names,A14,Cond,"none",Scored,1)) | L14: =IF(OR(I14="",J14=""),"",I14-J14) | M14: =IF(B14=0,"",AVERAGEIFS(AbsN,Names,A14,Cond,"lyrics",Scored,1)) | N14: =IF(C14=0,"",AVERAGEIFS(AbsN,Names,A14,Cond,"instrumental",Scored,1)) | O14: =IF(D14=0,"",AVERAGEIFS(AbsN,Names,A14,Cond,"none",Scored,1)) | P14: =IF(OR(M14="",N14=""),"",M14-N14) | Q14: =IF(OR(E14="",G14=""),"",E14-G14) | R14: =IF(OR(F14="",G14=""),"",F14-G14) | S14: =IF(OR(I14="",K14=""),"",I14-K14) | T14: =IF(OR(J14="",K14=""),"",J14-K14) | U14: =IF(D14>=3,H14,"") | V14: =IF(D14>=3,L14,"") | W14: =IF(D14>=3,P14,"")
A15: Deelnemer 6 | B15: =COUNTIFS(Names,A15,Cond,"lyrics",Scored,1) | C15: =COUNTIFS(Names,A15,Cond,"instrumental",Scored,1) | D15: =COUNTIFS(Names,A15,Cond,"none",Scored,1) | E15: =IF(B15=0,"",AVERAGEIFS(CorrectN,Names,A15,Cond,"lyrics",Scored,1)) | F15: =IF(C15=0,"",AVERAGEIFS(CorrectN,Names,A15,Cond,"instrumental",Scored,1)) | G15: =IF(D15=0,"",AVERAGEIFS(CorrectN,Names,A15,Cond,"none",Scored,1)) | H15: =IF(OR(E15="",F15=""),"",E15-F15) | I15: =IF(B15=0,"",AVERAGEIFS(RtN,Names,A15,Cond,"lyrics",Scored,1)) | J15: =IF(C15=0,"",AVERAGEIFS(RtN,Names,A15,Cond,"instrumental",Scored,1)) | K15: =IF(D15=0,"",AVERAGEIFS(RtN,Names,A15,Cond,"none",Scored,1)) | L15: =IF(OR(I15="",J15=""),"",I15-J15) | M15: =IF(B15=0,"",AVERAGEIFS(AbsN,Names,A15,Cond,"lyrics",Scored,1)) | N15: =IF(C15=0,"",AVERAGEIFS(AbsN,Names,A15,Cond,"instrumental",Scored,1)) | O15: =IF(D15=0,"",AVERAGEIFS(AbsN,Names,A15,Cond,"none",Scored,1)) | P15: =IF(OR(M15="",N15=""),"",M15-N15) | Q15: =IF(OR(E15="",G15=""),"",E15-G15) | R15: =IF(OR(F15="",G15=""),"",F15-G15) | S15: =IF(OR(I15="",K15=""),"",I15-K15) | T15: =IF(OR(J15="",K15=""),"",J15-K15) | U15: =IF(D15>=3,H15,"") | V15: =IF(D15>=3,L15,"") | W15: =IF(D15>=3,P15,"")
... A32: wouter | B32: =COUNTIFS(Names,A32,Cond,"lyrics",Scored,1) | C32: =COUNTIFS(Names,A32,Cond,"instrumental",Scored,1) | D32: =COUNTIFS(Names,A32,Cond,"none",Scored,1) | E32: =IF(B32=0,"",AVERAGEIFS(CorrectN,Names,A32,Cond,"lyrics",Scored,1)) | F32: =IF(C32=0,"",AVERAGEIFS(CorrectN,Names,A32,Cond,"instrumental",Scored,1)) | G32: =IF(D32=0,"",AVERAGEIFS(CorrectN,Names,A32,Cond,"none",Scored,1)) | H32: =IF(OR(E32="",F32=""),"",E32-F32) | I32: =IF(B32=0,"",AVERAGEIFS(RtN,Names,A32,Cond,"lyrics",Scored,1)) | J32: =IF(C32=0,"",AVERAGEIFS(RtN,Names,A32,Cond,"instrumental",Scored,1)) | K32: =IF(D32=0,"",AVERAGEIFS(RtN,Names,A32,Cond,"none",Scored,1)) | L32: =IF(OR(I32="",J32=""),"",I32-J32) | M32: =IF(B32=0,"",AVERAGEIFS(AbsN,Names,A32,Cond,"lyrics",Scored,1)) | N32: =IF(C32=0,"",AVERAGEIFS(AbsN,Names,A32,Cond,"instrumental",Scored,1)) | O32: =IF(D32=0,"",AVERAGEIFS(AbsN,Names,A32,Cond,"none",Scored,1)) | P32: =IF(OR(M32="",N32=""),"",M32-N32) | Q32: =IF(OR(E32="",G32=""),"",E32-G32) | R32: =IF(OR(F32="",G32=""),"",F32-G32) | S32: =IF(OR(I32="",K32=""),"",I32-K32) | T32: =IF(OR(J32="",K32=""),"",J32-K32) | U32: =IF(D32>=3,H32,"") | V32: =IF(D32>=3,L32,"") | W32: =IF(D32>=3,P32,"")

Sheet Results
A1: Lyrics versus instrumental music
A2: Within-person paired t-tests. Every figure on this sheet is a formula.
A4: Sample
A5: People | B5: Lyrics trials | C5: Instrumental trials | D5: Scored silence trials
A6: =COUNTA('By person'!A4:A32) | B6: =SUM('By person'!B4:B32) | C6: =SUM('By person'!C4:C32) | D6: =SUM('By person'!D4:D32)
A8: Planned comparison: lyrics minus instrumental
B9: Accuracy | C9: Response time (ms) | D9: Absolute error (points)
A10: Mean, lyrics | B10: =AVERAGE('By person'!E4:E32) | C10: =AVERAGE('By person'!I4:I32) | D10: =AVERAGE('By person'!M4:M32)
A11: Mean, instrumental | B11: =AVERAGE('By person'!F4:F32) | C11: =AVERAGE('By person'!J4:J32) | D11: =AVERAGE('By person'!N4:N32)
A12: Difference (lyrics − instrumental) | B12: =AVERAGE('By person'!H4:H32) | C12: =AVERAGE('By person'!L4:L32) | D12: =AVERAGE('By person'!P4:P32)
A13: SD of the differences | B13: =STDEV.S('By person'!H4:H32) | C13: =STDEV.S('By person'!L4:L32) | D13: =STDEV.S('By person'!P4:P32)
A14: People (n) | B14: =COUNT('By person'!H4:H32) | C14: =COUNT('By person'!L4:L32) | D14: =COUNT('By person'!P4:P32)
A15: t | B15: =B12/(B13/SQRT(B14)) | C15: =C12/(C13/SQRT(C14)) | D15: =D12/(D13/SQRT(D14))
A16: df | B16: =B14-1 | C16: =C14-1 | D16: =D14-1
A17: Two-sided p | B17: =T.DIST.2T(ABS(B15),B16) | C17: =T.DIST.2T(ABS(C15),C16) | D17: =T.DIST.2T(ABS(D15),D16)
A18: One-sided p, lyrics lower | B18: =T.DIST(B15,B16,TRUE) | C18: — | D18: —
A19: 95% CI, low | B19: =B12-T.INV.2T(0.05,B16)*(B13/SQRT(B14)) | C19: =C12-T.INV.2T(0.05,C16)*(C13/SQRT(C14)) | D19: =D12-T.INV.2T(0.05,D16)*(D13/SQRT(D14))
A20: 95% CI, high | B20: =B12+T.INV.2T(0.05,B16)*(B13/SQRT(B14)) | C20: =C12+T.INV.2T(0.05,C16)*(C13/SQRT(C14)) | D20: =D12+T.INV.2T(0.05,D16)*(D13/SQRT(D14))
A21: Cohen's dz | B21: =B12/B13 | C21: =C12/C13 | D21: =D12/D13
A22: Negative differences | B22: =COUNTIF('By person'!H4:H32,"<0") | C22: =COUNTIF('By person'!L4:L32,"<0") | D22: =COUNTIF('By person'!P4:P32,"<0")
A23: Positive differences | B23: =COUNTIF('By person'!H4:H32,">0") | C23: =COUNTIF('By person'!L4:L32,">0") | D23: =COUNTIF('By person'!P4:P32,">0")
A24: Ties | B24: =COUNTIF('By person'!H4:H32,0) | C24: =COUNTIF('By person'!L4:L32,0) | D24: =COUNTIF('By person'!P4:P32,0)
A26: Silence block
A27: Eight people with three silence trials: Bommel, Bram, Cas, Fay, Floor, Gerdien, Lotte, Lotte Jr. Joseline's sessions have no silence rows.
A28: Contrast | B28: Mean difference | C28: t | D28: df | E28: Two-sided p | F28: 95% CI low | G28: 95% CI high | H28: Cohen's dz
A29: Accuracy, lyrics − instrumental | B29: =AVERAGE('By person'!U4:U32) | C29: =B29/(STDEV.S('By person'!U4:U32)/SQRT(I29)) | D29: =I29-1 | E29: =T.DIST.2T(ABS(C29),D29) | F29: =B29-T.INV.2T(0.05,D29)*(STDEV.S('By person'!U4:U32)/SQRT(I29)) | G29: =B29+T.INV.2T(0.05,D29)*(STDEV.S('By person'!U4:U32)/SQRT(I29)) | H29: =B29/STDEV.S('By person'!U4:U32) | I29: =COUNT('By person'!U4:U32)
A30: Accuracy, lyrics − silence | B30: =AVERAGE('By person'!Q4:Q32) | C30: =B30/(STDEV.S('By person'!Q4:Q32)/SQRT(I30)) | D30: =I30-1 | E30: =T.DIST.2T(ABS(C30),D30) | F30: =B30-T.INV.2T(0.05,D30)*(STDEV.S('By person'!Q4:Q32)/SQRT(I30)) | G30: =B30+T.INV.2T(0.05,D30)*(STDEV.S('By person'!Q4:Q32)/SQRT(I30)) | H30: =B30/STDEV.S('By person'!Q4:Q32) | I30: =COUNT('By person'!Q4:Q32)
A31: Accuracy, instrumental − silence | B31: =AVERAGE('By person'!R4:R32) | C31: =B31/(STDEV.S('By person'!R4:R32)/SQRT(I31)) | D31: =I31-1 | E31: =T.DIST.2T(ABS(C31),D31) | F31: =B31-T.INV.2T(0.05,D31)*(STDEV.S('By person'!R4:R32)/SQRT(I31)) | G31: =B31+T.INV.2T(0.05,D31)*(STDEV.S('By person'!R4:R32)/SQRT(I31)) | H31: =B31/STDEV.S('By person'!R4:R32) | I31: =COUNT('By person'!R4:R32)
A32: Time (ms), lyrics − instrumental | B32: =AVERAGE('By person'!V4:V32) | C32: =B32/(STDEV.S('By person'!V4:V32)/SQRT(I32)) | D32: =I32-1 | E32: =T.DIST.2T(ABS(C32),D32) | F32: =B32-T.INV.2T(0.05,D32)*(STDEV.S('By person'!V4:V32)/SQRT(I32)) | G32: =B32+T.INV.2T(0.05,D32)*(STDEV.S('By person'!V4:V32)/SQRT(I32)) | H32: =B32/STDEV.S('By person'!V4:V32) | I32: =COUNT('By person'!V4:V32)
A33: Time (ms), lyrics − silence | B33: =AVERAGE('By person'!S4:S32) | C33: =B33/(STDEV.S('By person'!S4:S32)/SQRT(I33)) | D33: =I33-1 | E33: =T.DIST.2T(ABS(C33),D33) | F33: =B33-T.INV.2T(0.05,D33)*(STDEV.S('By person'!S4:S32)/SQRT(I33)) | G33: =B33+T.INV.2T(0.05,D33)*(STDEV.S('By person'!S4:S32)/SQRT(I33)) | H33: =B33/STDEV.S('By person'!S4:S32) | I33: =COUNT('By person'!S4:S32)
A34: Time (ms), instrumental − silence | B34: =AVERAGE('By person'!T4:T32) | C34: =B34/(STDEV.S('By person'!T4:T32)/SQRT(I34)) | D34: =I34-1 | E34: =T.DIST.2T(ABS(C34),D34) | F34: =B34-T.INV.2T(0.05,D34)*(STDEV.S('By person'!T4:T32)/SQRT(I34)) | G34: =B34+T.INV.2T(0.05,D34)*(STDEV.S('By person'!T4:T32)/SQRT(I34)) | H34: =B34/STDEV.S('By person'!T4:T32) | I34: =COUNT('By person'!T4:T32)
A36: How to read this
A37: Source is data/combined.csv. One row there is one trial. The person is the name.
A38: Each person contributes one number per condition: the mean of that person's scored trials. Someone with 3 trials and someone with 9 trials each count once.
A39: A negative accuracy difference means fewer correct sums with lyrics. A positive time difference means slower with lyrics. A positive error difference means farther from the right total.
A40: Practice silence, the opening pair of none trials, stays out. Silence stays in only when a person has at least three silence trials.
A41: The stored label Lyrics is treated as lyrics. Blank answers count as wrong. Absolute error uses only answers from 8 through 72; other answers still count as wrong for accuracy.
A42: The t-test is one-sample on the within-person differences, against 0. df = n − 1. The interval uses T.INV.2T. Cohen's dz is the mean difference divided by the SD of the differences.
A43: The one-sided p-value is the lower tail, for the hypothesis that accuracy is lower with lyrics. Response time and absolute error are reported two-sided.
A44: aus has 6 instrumental trials. Participant 3 has 12. Five people saw each digit for 1.5 seconds: anne, aus, wouter, Participant 6, Participant 7. Those trials stay in.
A45: A Wilcoxon signed-rank test of the same pairs is in data/out/analysis_2.md. This workbook reports the t-test.

Sheet Accuracy
A1: Accuracy
A2: Proportion correct. The bars are formulas from the By person sheet.
A4: Condition | B4: Mean proportion correct
A5: Lyrics | B5: =AVERAGE('By person'!E4:E32)
A6: Instrumental | B6: =AVERAGE('By person'!F4:F32)
A17: Sorted from a lower lyrics score toward a higher one. The top of the chart is the largest drop with lyrics. Values update if the trials change; this order is the order at the time the file was built.
A19: Person | B19: Lyrics − instrumental
A20: Participant 5 | B20: =INDEX('By person'!$H$4:$H$32,MATCH(A20,'By person'!$A$4:$A$32,0))
A21: Fay | B21: =INDEX('By person'!$H$4:$H$32,MATCH(A21,'By person'!$A$4:$A$32,0))
A22: Floor | B22: =INDEX('By person'!$H$4:$H$32,MATCH(A22,'By person'!$A$4:$A$32,0))
A23: Participant 6 | B23: =INDEX('By person'!$H$4:$H$32,MATCH(A23,'By person'!$A$4:$A$32,0))
A24: wouter | B24: =INDEX('By person'!$H$4:$H$32,MATCH(A24,'By person'!$A$4:$A$32,0))
A25: Deelnemer 4 | B25: =INDEX('By person'!$H$4:$H$32,MATCH(A25,'By person'!$A$4:$A$32,0))
A26: Mila | B26: =INDEX('By person'!$H$4:$H$32,MATCH(A26,'By person'!$A$4:$A$32,0))
A27: anne | B27: =INDEX('By person'!$H$4:$H$32,MATCH(A27,'By person'!$A$4:$A$32,0))
A28: benjamin | B28: =INDEX('By person'!$H$4:$H$32,MATCH(A28,'By person'!$A$4:$A$32,0))
A29: Deelnemer 6 | B29: =INDEX('By person'!$H$4:$H$32,MATCH(A29,'By person'!$A$4:$A$32,0))
A30: Milo | B30: =INDEX('By person'!$H$4:$H$32,MATCH(A30,'By person'!$A$4:$A$32,0))
A31: Participant 4 | B31: =INDEX('By person'!$H$4:$H$32,MATCH(A31,'By person'!$A$4:$A$32,0))
... A48: Deelnemer 1 | B48: =INDEX('By person'!$H$4:$H$32,MATCH(A48,'By person'!$A$4:$A$32,0))

Sheet Response time
A1: Response time
A2: Mean milliseconds from the moment the answer box appeared. Higher is slower.
A4: Condition | B4: Mean response time (ms)
A5: Lyrics | B5: =AVERAGE('By person'!I4:I32)
A6: Instrumental | B6: =AVERAGE('By person'!J4:J32)
A17: Sorted from faster with lyrics toward slower with lyrics. The top of the chart is the largest slowdown. Positive means the person took longer with lyrics.
A19: Person | B19: Lyrics − instrumental (ms)
A20: Participant 2 | B20: =INDEX('By person'!$L$4:$L$32,MATCH(A20,'By person'!$A$4:$A$32,0))
A21: Participant 4 | B21: =INDEX('By person'!$L$4:$L$32,MATCH(A21,'By person'!$A$4:$A$32,0))
A22: Participant 3 | B22: =INDEX('By person'!$L$4:$L$32,MATCH(A22,'By person'!$A$4:$A$32,0))
A23: joran | B23: =INDEX('By person'!$L$4:$L$32,MATCH(A23,'By person'!$A$4:$A$32,0))
A24: benjamin | B24: =INDEX('By person'!$L$4:$L$32,MATCH(A24,'By person'!$A$4:$A$32,0))
A25: Deelnemer 5 | B25: =INDEX('By person'!$L$4:$L$32,MATCH(A25,'By person'!$A$4:$A$32,0))
A26: Deelnemer 1 | B26: =INDEX('By person'!$L$4:$L$32,MATCH(A26,'By person'!$A$4:$A$32,0))
A27: Participant 6 | B27: =INDEX('By person'!$L$4:$L$32,MATCH(A27,'By person'!$A$4:$A$32,0))
A28: aus | B28: =INDEX('By person'!$L$4:$L$32,MATCH(A28,'By person'!$A$4:$A$32,0))
A29: Participant 1 | B29: =INDEX('By person'!$L$4:$L$32,MATCH(A29,'By person'!$A$4:$A$32,0))
A30: Participant 7 | B30: =INDEX('By person'!$L$4:$L$32,MATCH(A30,'By person'!$A$4:$A$32,0))
A31: Gerdien | B31: =INDEX('By person'!$L$4:$L$32,MATCH(A31,'By person'!$A$4:$A$32,0))
... A48: anne | B48: =INDEX('By person'!$L$4:$L$32,MATCH(A48,'By person'!$A$4:$A$32,0))

Sheet Silence
A1: Silence, instrumental, and lyrics
A2: The eight people who completed a silence block of three trials. Means are formulas.
A4: Condition | B4: Proportion correct | C4: Mean time (ms)
A5: Silence | B5: =AVERAGEIF('By person'!$D$4:$D$32,">=3",'By person'!G4:G32) | C5: =AVERAGEIF('By person'!$D$4:$D$32,">=3",'By person'!K4:K32)
A6: Instrumental | B6: =AVERAGEIF('By person'!$D$4:$D$32,">=3",'By person'!F4:F32) | C6: =AVERAGEIF('By person'!$D$4:$D$32,">=3",'By person'!J4:J32)
A7: Lyrics | B7: =AVERAGEIF('By person'!$D$4:$D$32,">=3",'By person'!E4:E32) | C7: =AVERAGEIF('By person'!$D$4:$D$32,">=3",'By person'!I4:I32)
A9: Silence was the most accurate and the fastest in this group of eight. Lyrics were the least accurate and the slowest. The tests for these contrasts are on the Results sheet.
